Energy,T,N,DOS,S,sigma,RH,kappa,c,chi
-0.17108,600,7.46620629,160.59762,1.07073E-05,1.00032E+21,2.86698E-09,1.59586E+16,9.5876382,2.39758E-09
-0.17058,600,7.42590181,161.85804,1.02331E-05,9.95718E+20,2.95761E-09,1.58319E+16,9.4595835,2.4164E-09
-0.17008,600,7.38526851,163.22353,9.79313E-06,9.9151E+20,3.0461E-09,1.57045E+16,9.3295407,2.43679E-09
-0.16958,600,7.34428361,164.66614,9.3921E-06,9.87668E+20,3.13251E-09,1.5577E+16,9.1988878,2.45832E-09
-0.16908,600,7.30293145,166.15662,9.03409E-06,9.84156E+20,3.21694E-09,1.54498E+16,9.069123,2.48058E-09
-0.16858,600,7.26120383,167.66473,8.72234E-06,9.80937E+20,3.29952E-09,1.53235E+16,8.9418611,2.50309E-09
-0.16808,600,7.21910018,169.15978,8.45915E-06,9.77971E+20,3.38041E-09,1.51985E+16,8.818806,2.52541E-09
-0.16758,600,7.17662758,170.61126,8.24584E-06,9.75219E+20,3.4598E-09,1.50756E+16,8.7016958,2.54708E-09
-0.16708,600,7.13380063,171.98975,8.08264E-06,9.7264E+20,3.53789E-09,1.49551E+16,8.5922243,2.56766E-09
-0.16658,600,7.09064107,173.26794,7.96879E-06,9.70196E+20,3.61489E-09,1.48377E+16,8.4919442,2.58674E-09
-0.16608,600,7.04717705,174.42162,7.90253E-06,9.67848E+20,3.69102E-09,1.47238E+16,8.4021631,2.60397E-09
-0.16558,600,7.00344232,175.43068,7.88124E-06,9.65564E+20,3.76648E-09,1.46137E+16,8.3238412,2.61903E-09
-0.16508,600,6.95947504,176.27994,7.9016E-06,9.63311E+20,3.84148E-09,1.45078E+16,8.2575059,2.63171E-09
-0.16458,600,6.9153165,176.95964,7.95973E-06,9.61063E+20,3.91618E-09,1.44062E+16,8.2031924,2.64186E-09
-0.16408,600,6.87100971,177.46573,8.05142E-06,9.58797E+20,3.99076E-09,1.4309E+16,8.1604198,2.64941E-09
-0.16358,600,6.826598,177.79965,8.17231E-06,9.56496E+20,4.06534E-09,1.42161E+16,8.1282071,2.6544E-09
-0.16308,600,6.7821237,177.9679,8.3181E-06,9.54143E+20,4.14003E-09,1.41274E+16,8.10513,2.65691E-09
-0.16258,600,6.73762697,177.98113,8.48467E-06,9.51728E+20,4.21493E-09,1.40426E+16,8.0894122,2.65711E-09
-0.16208,600,6.69314491,177.85307,8.66823E-06,9.49244E+20,4.2901E-09,1.39616E+16,8.0790434,2.65519E-09
-0.16158,600,6.64871091,177.59936,8.86542E-06,9.46685E+20,4.36561E-09,1.38839E+16,8.0719123,2.65141E-09
-0.16108,600,6.60435435,177.2362,9.07331E-06,9.44046E+20,4.4415E-09,1.38093E+16,8.0659401,2.64598E-09
-0.16058,600,6.56010062,176.77925,9.28942E-06,9.41327E+20,4.51782E-09,1.37374E+16,8.0592048,2.63916E-09
-0.16008,600,6.51597136,176.2426,9.5117E-06,9.38525E+20,4.5946E-09,1.3668E+16,8.0500434,2.63115E-09
-0.15958,600,6.47198498,175.63795,9.73842E-06,9.3564E+20,4.67189E-09,1.36007E+16,8.0371281,2.62212E-09
-0.15908,600,6.42815731,174.97413,9.96816E-06,9.32669E+20,4.74973E-09,1.35352E+16,8.019511,2.61221E-09
-0.15858,600,6.38450236,174.25688,1.01997E-05,9.29613E+20,4.82817E-09,1.34715E+16,7.9966393,2.60151E-09
-0.15808,600,6.34103309,173.48882,1.04318E-05,9.26471E+20,4.90725E-09,1.34092E+16,7.9683425,2.59004E-09
-0.15758,600,6.2977622,172.66967,1.06637E-05,9.23243E+20,4.98704E-09,1.33482E+16,7.9347985,2.57781E-09
-0.15708,600,6.25470274,171.7967,1.08941E-05,9.19928E+20,5.06756E-09,1.32884E+16,7.8964819,2.56478E-09
-0.15658,600,6.21186872,170.86521,1.11223E-05,9.16527E+20,5.14885E-09,1.32295E+16,7.8541022,2.55087E-09
-0.15608,600,6.16927552,169.86911,1.13472E-05,9.13041E+20,5.23093E-09,1.31716E+16,7.8085356,2.536E-09
-0.15558,600,6.12694011,168.80162,1.1568E-05,9.09472E+20,5.31379E-09,1.31143E+16,7.7607552,2.52006E-09
-0.15508,600,6.08488124,167.65579,1.1784E-05,9.05822E+20,5.39743E-09,1.30575E+16,7.7117645,2.50296E-09
-0.15458,600,6.04311929,166.42516,1.19944E-05,9.02096E+20,5.48179E-09,1.30011E+16,7.6625362,2.48459E-09
-0.15408,600,6.00167618,165.10425,1.21988E-05,8.98297E+20,5.56678E-09,1.29449E+16,7.6139599,2.46487E-09
-0.15358,600,5.96057503,163.68895,1.2397E-05,8.9443E+20,5.65232E-09,1.28887E+16,7.566802,2.44374E-09
-0.15308,600,5.91983978,162.17683,1.25889E-05,8.90501E+20,5.73826E-09,1.28323E+16,7.521678,2.42116E-09
-0.15258,600,5.87949474,160.56732,1.27747E-05,8.86515E+20,5.82443E-09,1.27756E+16,7.4790393,2.39713E-09
-0.15208,600,5.83956413,158.86172,1.29551E-05,8.82477E+20,5.91064E-09,1.27182E+16,7.4391734,2.37167E-09
-0.15158,600,5.80007163,157.0632,1.31308E-05,8.78393E+20,5.99668E-09,1.26601E+16,7.4022152,2.34482E-09
-0.15108,600,5.76103988,155.17657,1.33029E-05,8.74268E+20,6.08231E-09,1.2601E+16,7.368167,2.31665E-09
-0.15058,600,5.72249016,153.20815,1.34727E-05,8.70106E+20,6.16728E-09,1.25408E+16,7.3369242,2.28727E-09
-0.15008,600,5.68444199,151.16548,1.36417E-05,8.65911E+20,6.25133E-09,1.24795E+16,7.3083018,2.25677E-09
-0.14958,600,5.6469129,149.05711,1.38115E-05,8.61685E+20,6.3342E-09,1.24168E+16,7.2820593,2.22529E-09
-0.14908,600,5.60991814,146.89235,1.39839E-05,8.5743E+20,6.41564E-09,1.23527E+16,7.2579221,2.19298E-09
-0.14858,600,5.5734706,144.68111,1.41605E-05,8.53146E+20,6.49539E-09,1.22873E+16,7.2355987,2.15997E-09
-0.14808,600,5.5375806,142.43373,1.4343E-05,8.48832E+20,6.57323E-09,1.22204E+16,7.2147918,2.12641E-09
-0.14758,600,5.50225586,140.16081,1.45329E-05,8.44486E+20,6.64896E-09,1.21522E+16,7.1952072,2.09248E-09
-0.14708,600,5.46750142,137.87314,1.47314E-05,8.40105E+20,6.72239E-09,1.20826E+16,7.176558,2.05833E-09
-0.14658,600,5.43331962,135.58156,1.49397E-05,8.35687E+20,6.79337E-09,1.20118E+16,7.1585686,2.02412E-09
-0.14608,600,5.39971007,133.29688,1.51586E-05,8.31226E+20,6.86178E-09,1.19398E+16,7.1409775,1.99001E-09
-0.14558,600,5.36666971,131.02979,1.53886E-05,8.26717E+20,6.92754E-09,1.18667E+16,7.1235401,1.95616E-09
-0.14508,600,5.33419283,128.79076,1.56302E-05,8.22157E+20,6.9906E-09,1.17927E+16,7.1060321,1.92274E-09
-0.14458,600,5.30227114,126.58992,1.58833E-05,8.1754E+20,7.05094E-09,1.17178E+16,7.0882534,1.88988E-09
-0.14408,600,5.27089387,124.43701,1.61479E-05,8.12862E+20,7.10859E-09,1.16421E+16,7.070032,1.85774E-09
-0.14358,600,5.24004787,122.34126,1.64238E-05,8.0812E+20,7.1636E-09,1.15656E+16,7.0512279,1.82645E-09
-0.14308,600,5.20971776,120.31132,1.67105E-05,8.03309E+20,7.21606E-09,1.14885E+16,7.0317362,1.79614E-09
-0.14258,600,5.17988606,118.35519,1.70076E-05,7.98428E+20,7.26612E-09,1.14107E+16,7.0114902,1.76694E-09
-0.14208,600,5.1505334,116.48017,1.73149E-05,7.93473E+20,7.31393E-09,1.13322E+16,6.9904629,1.73895E-09
-0.14158,600,5.12163867,114.69282,1.76319E-05,7.88443E+20,7.35968E-09,1.12531E+16,6.9686681,1.71227E-09
-0.14108,600,5.0931792,112.9989,1.79583E-05,7.83338E+20,7.40361E-09,1.11733E+16,6.9461605,1.68698E-09
-0.14058,600,5.06513101,111.40341,1.82941E-05,7.78156E+20,7.44596E-09,1.10928E+16,6.9230355,1.66316E-09
-0.14008,600,5.03746895,109.91052,1.86393E-05,7.72897E+20,7.48702E-09,1.10115E+16,6.8994276,1.64087E-09
-0.13958,600,5.01016692,108.52361,1.8994E-05,7.67561E+20,7.52707E-09,1.09295E+16,6.8755092,1.62016E-09
-0.13908,600,4.98319809,107.24531,1.93587E-05,7.62147E+20,7.56645E-09,1.08466E+16,6.8514875,1.60108E-09
-0.13858,600,4.95653506,106.07747,1.97338E-05,7.56654E+20,7.60547E-09,1.07629E+16,6.8276018,1.58365E-09
-0.13808,600,4.93015005,105.02126,2.01199E-05,7.51081E+20,7.64448E-09,1.06785E+16,6.8041193,1.56788E-09
-0.13758,600,4.90401508,104.07719,2.05176E-05,7.45426E+20,7.6838E-09,1.05933E+16,6.7813307,1.55378E-09
-0.13708,600,4.87810211,103.24518,2.09272E-05,7.39684E+20,7.72376E-09,1.05074E+16,6.7595449,1.54136E-09
-0.13658,600,4.8523832,102.52464,2.13493E-05,7.33853E+20,7.76468E-09,1.04211E+16,6.739083,1.53061E-09
-0.13608,600,4.82683059,101.91453,2.17839E-05,7.27928E+20,7.80686E-09,1.03343E+16,6.720272,1.5215E-09
-0.13558,600,4.80141685,101.41347,2.22308E-05,7.21904E+20,7.85055E-09,1.02475E+16,6.7034387,1.51402E-09
-0.13508,600,4.77611491,101.01979,2.26893E-05,7.15774E+20,7.89599E-09,1.01607E+16,6.6889022,1.50814E-09
-0.13458,600,4.75089816,100.73166,2.31582E-05,7.09533E+20,7.94337E-09,1.00742E+16,6.6769683,1.50384E-09
-0.13408,600,4.72574044,100.54714,2.36358E-05,7.03176E+20,7.9928E-09,9.98824E+15,6.6679216,1.50108E-09
-0.13358,600,4.70061612,100.46427,2.41197E-05,6.96698E+20,8.04437E-09,9.90316E+15,6.6620191,1.49985E-09
-0.13308,600,4.67549999,100.48118,2.46069E-05,6.90095E+20,8.09807E-09,9.81917E+15,6.6594827,1.5001E-09
-0.13258,600,4.65036735,100.59618,2.50935E-05,6.83366E+20,8.15381E-09,9.73649E+15,6.6604916,1.50181E-09
-0.13208,600,4.62519385,100.8078,2.55754E-05,6.7651E+20,8.21143E-09,9.65531E+15,6.6651745,1.50497E-09
-0.13158,600,4.59995549,101.11493,2.60477E-05,6.6953E+20,8.27067E-09,9.57576E+15,6.6736004,1.50956E-09
-0.13108,600,4.57462849,101.51687,2.65052E-05,6.62431E+20,8.33117E-09,9.49792E+15,6.6857703,1.51556E-09
-0.13058,600,4.54918918,102.01339,2.69423E-05,6.55219E+20,8.39246E-09,9.42182E+15,6.701608,1.52297E-09
-0.13008,600,4.52361388,102.60484,2.73534E-05,6.47906E+20,8.45398E-09,9.34741E+15,6.7209512,1.5318E-09
-0.12958,600,4.49787877,103.29215,2.7733E-05,6.40505E+20,8.51505E-09,9.27458E+15,6.7435431,1.54206E-09
-0.12908,600,4.47195969,104.07688,2.80755E-05,6.3303E+20,8.5749E-09,9.20317E+15,6.7690251,1.55378E-09
-0.12858,600,4.44583203,104.96124,2.83761E-05,6.255E+20,8.63266E-09,9.13296E+15,6.7969307,1.56698E-09
-0.12808,600,4.41947054,105.94805,2.86301E-05,6.17933E+20,8.68736E-09,9.06372E+15,6.8266813,1.58171E-09
-0.12758,600,4.39284918,107.04072,2.8834E-05,6.1035E+20,8.73797E-09,8.99516E+15,6.857584,1.59803E-09
-0.12708,600,4.36594103,108.24315,2.89846E-05,6.0277E+20,8.7834E-09,8.92701E+15,6.8888322,1.61598E-09
-0.12658,600,4.33871811,109.55961,2.90797E-05,5.95216E+20,8.82248E-09,8.85899E+15,6.9195097,1.63563E-09
-0.12608,600,4.31115135,110.9946,2.91181E-05,5.87708E+20,8.85406E-09,8.79081E+15,6.9485978,1.65705E-09
-0.12558,600,4.28321055,112.55265,2.90992E-05,5.80265E+20,8.87693E-09,8.72224E+15,6.974987,1.68031E-09
-0.12508,600,4.25486441,114.23806,2.90236E-05,5.72906E+20,8.88992E-09,8.65303E+15,6.9974933,1.70548E-09
-0.12458,600,4.22608059,116.05463,2.88924E-05,5.65648E+20,8.89187E-09,8.583E+15,7.0148795,1.7326E-09
-0.12408,600,4.19682591,118.00532,2.87077E-05,5.58507E+20,8.88168E-09,8.51198E+15,7.0258831,1.76172E-09
-0.12358,600,4.1670666,120.09187,2.84721E-05,5.51497E+20,8.85829E-09,8.43984E+15,7.0292487,1.79287E-09
-0.12308,600,4.13676864,122.31437,2.81889E-05,5.44631E+20,8.82075E-09,8.36648E+15,7.0237684,1.82605E-09
-0.12258,600,4.10589825,124.67081,2.78618E-05,5.37917E+20,8.76822E-09,8.29186E+15,7.0083267,1.86123E-09
-0.12208,600,4.07442245,127.15662,2.74952E-05,5.31364E+20,8.69995E-09,8.21594E+15,6.9819521,1.89834E-09
-0.12158,600,4.04230978,129.76416,2.70937E-05,5.24979E+20,8.61534E-09,8.13874E+15,6.9438724,1.93727E-09
-0.12108,600,4.00953114,132.48223,2.66623E-05,5.18764E+20,8.51395E-09,8.0603E+15,6.8935726,1.97785E-09
-0.12058,600,3.97606071,135.29568,2.62064E-05,5.12722E+20,8.39549E-09,7.98069E+15,6.8308539,2.01985E-09
-0.12008,600,3.94187697,138.185,2.57316E-05,5.06852E+20,8.25986E-09,7.90004E+15,6.7558892,2.06298E-09
-0.11958,600,3.90696388,141.12605,2.52436E-05,5.01153E+20,8.10714E-09,7.81848E+15,6.6692732,2.10689E-09
-0.11908,600,3.87131203,144.08995,2.47484E-05,4.9562E+20,7.93759E-09,7.73619E+15,6.5720607,2.15114E-09
-0.11858,600,3.83491979,147.04312,2.4252E-05,4.90246E+20,7.75169E-09,7.65339E+15,6.4657917,2.19523E-09
-0.11808,600,3.79779452,149.94751,2.376E-05,4.85026E+20,7.55011E-09,7.57032E+15,6.3524955,2.23859E-09
-0.11758,600,3.75995359,152.76115,2.32782E-05,4.79947E+20,7.33368E-09,7.48725E+15,6.234673,2.28059E-09
-0.11708,600,3.72142527,155.43884,2.28117E-05,4.75001E+20,7.10344E-09,7.40449E+15,6.1152514,2.32057E-09
-0.11658,600,3.68224945,157.93318,2.23651E-05,4.70175E+20,6.86055E-09,7.32236E+15,5.9975126,2.35781E-09
-0.11608,600,3.64247799,160.19587,2.1942E-05,4.65456E+20,6.60631E-09,7.24121E+15,5.8849925,2.39159E-09
-0.11558,600,3.6021748,162.17913,2.15455E-05,4.60832E+20,6.34215E-09,7.16137E+15,5.7813564,2.4212E-09
-0.11508,600,3.56141552,163.83737,2.11771E-05,4.56289E+20,6.06952E-09,7.08321E+15,5.6902529,2.44595E-09
-0.11458,600,3.52028669,165.1289,2.08374E-05,4.51815E+20,5.78996E-09,7.00703E+15,5.6151547,2.46523E-09
-0.11408,600,3.47888465,166.01766,2.05257E-05,4.47399E+20,5.50501E-09,6.93314E+15,5.559195,2.4785E-09
-0.11358,600,3.43731385,166.47485,2.024E-05,4.43031E+20,5.21621E-09,6.86179E+15,5.5250087,2.48533E-09
-0.11308,600,3.3956849,166.48033,1.9977E-05,4.38704E+20,4.92507E-09,6.79321E+15,5.5145921,2.48541E-09
-0.11258,600,3.35411222,166.02375,1.97324E-05,4.34411E+20,4.63309E-09,6.72754E+15,5.5291891,2.47859E-09
-0.11208,600,3.31271155,165.10527,1.95011E-05,4.30149E+20,4.34172E-09,6.66486E+15,5.5692149,2.46488E-09
-0.11158,600,3.2715972,163.73582,1.92771E-05,4.25919E+20,4.05238E-09,6.60521E+15,5.6342237,2.44444E-09
-0.11108,600,3.23087945,161.93696,1.90541E-05,4.21721E+20,3.76647E-09,6.54851E+15,5.7229235,2.41758E-09
-0.11058,600,3.19066191,159.7401,1.88254E-05,4.17561E+20,3.48535E-09,6.49466E+15,5.8332378,2.38478E-09
-0.11008,600,3.15103922,157.18554,1.85846E-05,4.13446E+20,3.2104E-09,6.44347E+15,5.9624087,2.34665E-09
-0.10958,600,3.112095,154.32088,1.83255E-05,4.09384E+20,2.94297E-09,6.39471E+15,6.1071344,2.30388E-09
-0.10908,600,3.0739002,151.19942,1.80426E-05,4.05388E+20,2.68444E-09,6.3481E+15,6.2637294,2.25728E-09
-0.10858,600,3.03651194,147.87826,1.77311E-05,4.01468E+20,2.43617E-09,6.30332E+15,6.4282954,2.2077E-09
-0.10808,600,2.99997279,144.41647,1.73875E-05,3.97638E+20,2.19955E-09,6.26003E+15,6.596891,2.15601E-09
-0.10758,600,2.96431048,140.87327,1.7009E-05,3.9391E+20,1.97596E-09,6.21791E+15,6.7656877,2.10312E-09
-0.10708,600,2.92953812,137.3064,1.65943E-05,3.90298E+20,1.76678E-09,6.17661E+15,6.9311037,2.04987E-09
-0.10658,600,2.89565466,133.77086,1.61433E-05,3.86814E+20,1.57333E-09,6.13582E+15,7.089908,1.99708E-09
-0.10608,600,2.86264581,130.31771,1.5657E-05,3.83469E+20,1.39691E-09,6.09524E+15,7.2392912,1.94553E-09
-0.10558,600,2.83048505,126.99342,1.51377E-05,3.80271E+20,1.23875E-09,6.05462E+15,7.3769018,1.8959E-09
-0.10508,600,2.7991349,123.83938,1.45887E-05,3.7723E+20,1.09999E-09,6.01375E+15,7.5008496,1.84882E-09
-0.10458,600,2.76854815,120.89172,1.40139E-05,3.7435E+20,9.81656E-10,5.97244E+15,7.6096807,1.80481E-09
-0.10408,600,2.73866924,118.18141,1.34182E-05,3.71635E+20,8.84662E-10,5.93058E+15,7.7023299,1.76435E-09
-0.10358,600,2.70943549,115.73443,1.28068E-05,3.69087E+20,8.09796E-10,5.88807E+15,7.7780578,1.72782E-09
-0.10308,600,2.68077828,113.57222,1.21854E-05,3.66706E+20,7.57708E-10,5.84487E+15,7.8363798,1.69554E-09
-0.10258,600,2.65262421,111.71196,1.15595E-05,3.64489E+20,7.28919E-10,5.80097E+15,7.8769949,1.66776E-09
-0.10208,600,2.62489602,110.16703,1.0935E-05,3.62433E+20,7.23821E-10,5.75638E+15,7.8997215,1.6447E-09
-0.10158,600,2.59751359,108.94729,1.03175E-05,3.60532E+20,7.42685E-10,5.71113E+15,7.904445,1.62649E-09
-0.10108,600,2.57039472,108.05931,9.71226E-06,3.5878E+20,7.85676E-10,5.66525E+15,7.8910827,1.61323E-09
-0.10058,600,2.543456,107.50643,9.12439E-06,3.5717E+20,8.52867E-10,5.61879E+15,7.8595676,1.60498E-09
-0.10008,600,2.51661356,107.28871,8.55867E-06,3.55693E+20,9.44246E-10,5.57179E+15,7.8098537,1.60173E-09
-0.09958,600,2.48978398,107.40275,8.01958E-06,3.54342E+20,1.05974E-09,5.52426E+15,7.7419411,1.60343E-09
-0.09908,600,2.46288513,107.84133,7.51131E-06,3.53106E+20,1.19922E-09,5.47621E+15,7.6559209,1.60998E-09
-0.09858,600,2.43583721,108.59306,7.03784E-06,3.51978E+20,1.36254E-09,5.42766E+15,7.5520347,1.6212E-09
-0.09808,600,2.40856383,109.64186,6.60298E-06,3.50948E+20,1.54949E-09,5.37857E+15,7.4307467,1.63686E-09
-0.09758,600,2.38099327,110.96653,6.21042E-06,3.50005E+20,1.75989E-09,5.32892E+15,7.2928201,1.65664E-09
-0.09708,600,2.35305979,112.54033,5.86379E-06,3.4914E+20,1.99355E-09,5.27868E+15,7.1393925,1.68013E-09
-0.09658,600,2.32470504,114.33075,5.56669E-06,3.48342E+20,2.2503E-09,5.22782E+15,6.9720404,1.70686E-09
-0.09608,600,2.29587955,116.29944,5.32271E-06,3.47599E+20,2.53E-09,5.17633E+15,6.7928251,1.73625E-09
-0.09558,600,2.26654412,118.40246,5.13538E-06,3.46898E+20,2.83255E-09,5.12421E+15,6.6043092,1.76765E-09
-0.09508,600,2.23667119,120.59085,5.00809E-06,3.46226E+20,3.15794E-09,5.0715E+15,6.4095381,1.80032E-09
-0.09458,600,2.20624599,122.81158,4.94404E-06,3.45567E+20,3.50619E-09,5.01826E+15,6.2119783,1.83347E-09
-0.09408,600,2.17526735,125.00888,4.94608E-06,3.44905E+20,3.87746E-09,4.96462E+15,6.0154138,1.86628E-09
-0.09358,600,2.14374824,127.12592,5.01657E-06,3.44222E+20,4.27197E-09,4.91074E+15,5.8238012,1.89788E-09
-0.09308,600,2.11171575,129.10674,5.15723E-06,3.43499E+20,4.69008E-09,4.85681E+15,5.6410931,1.92745E-09
-0.09258,600,2.07921066,130.89828,5.36901E-06,3.42716E+20,5.13226E-09,4.80308E+15,5.4710424,1.9542E-09
-0.09208,600,2.04628641,132.45243,5.65193E-06,3.41852E+20,5.59913E-09,4.74983E+15,5.3170056,1.9774E-09
-0.09158,600,2.01300768,133.72792,6.00503E-06,3.40887E+20,6.0914E-09,4.69736E+15,5.181761,1.99644E-09
-0.09108,600,1.97944844,134.6918,6.4263E-06,3.39802E+20,6.60995E-09,4.64597E+15,5.0673623,2.01083E-09
-0.09058,600,1.94568974,135.32054,6.91267E-06,3.38576E+20,7.15574E-09,4.59598E+15,4.9750391,2.02022E-09
-0.09008,600,1.91181726,135.60056,7.46006E-06,3.37193E+20,7.72985E-09,4.54766E+15,4.9051543,2.0244E-09
-0.08958,600,1.87791885,135.52817,8.06347E-06,3.35636E+20,8.33343E-09,4.50128E+15,4.8572207,2.02332E-09
-0.08908,600,1.84408209,135.10909,8.71707E-06,3.33893E+20,8.96772E-09,4.45705E+15,4.8299713,2.01706E-09
-0.08858,600,1.81039204,134.3574,9.41437E-06,3.31953E+20,9.63396E-09,4.41516E+15,4.8214744,2.00584E-09
-0.08808,600,1.77692936,133.29425,1.01484E-05,3.29808E+20,1.03334E-08,4.37571E+15,4.8292798,1.98997E-09
-0.08758,600,1.74376867,131.9463,1.09117E-05,3.27456E+20,1.10674E-08,4.33876E+15,4.8505816,1.96985E-09
-0.08708,600,1.7109774,130.34419,1.16968E-05,3.24895E+20,1.1837E-08,4.30431E+15,4.8823819,1.94593E-09
-0.08658,600,1.67861501,128.52089,1.24961E-05,3.22128E+20,1.26436E-08,4.27228E+15,4.9216454,1.91871E-09
-0.08608,600,1.64673255,126.51037,1.33021E-05,3.19161E+20,1.34881E-08,4.24255E+15,4.9654332,1.88869E-09
-0.08558,600,1.61537261,124.34628,1.41075E-05,3.16003E+20,1.43716E-08,4.21494E+15,5.0110119,1.85638E-09
-0.08508,600,1.58456951,122.06097,1.49055E-05,3.12666E+20,1.5295E-08,4.18923E+15,5.0559347,1.82227E-09
-0.08458,600,1.5543497,119.68473,1.56895E-05,3.09164E+20,1.62591E-08,4.16516E+15,5.0980956,1.78679E-09
-0.08408,600,1.52473241,117.24521,1.64535E-05,3.05513E+20,1.72646E-08,4.14243E+15,5.1357574,1.75037E-09
-0.08358,600,1.4957303,114.76711,1.71922E-05,3.01731E+20,1.83122E-08,4.12074E+15,5.1675591,1.71337E-09
-0.08308,600,1.46735026,112.27201,1.79006E-05,2.97838E+20,1.94025E-08,4.09975E+15,5.1925051,1.67612E-09
-0.08258,600,1.43959417,109.77837,1.85744E-05,2.93852E+20,2.05358E-08,4.07915E+15,5.2099412,1.6389E-09
-0.08208,600,1.41245966,107.30163,1.92101E-05,2.89793E+20,2.17127E-08,4.05863E+15,5.2195208,1.60192E-09
-0.08158,600,1.38594089,104.85442,1.98047E-05,2.85683E+20,2.29334E-08,4.0379E+15,5.221165,1.56539E-09
-0.08108,600,1.36002915,102.44683,2.03556E-05,2.81539E+20,2.41983E-08,4.01672E+15,5.2150192,1.52944E-09
-0.08058,600,1.33471351,100.08672,2.08611E-05,2.77379E+20,2.55077E-08,3.99484E+15,5.2014085,1.49421E-09
-0.08008,600,1.30998133,97.780025,2.13198E-05,2.73222E+20,2.68618E-08,3.97209E+15,5.1807938,1.45977E-09
-0.07958,600,1.28581868,95.53111,2.17309E-05,2.69082E+20,2.82607E-08,3.94831E+15,5.1537298,1.4262E-09
-0.07908,600,1.2622107,93.343092,2.2094E-05,2.64973E+20,2.97046E-08,3.92342E+15,5.1208268,1.39353E-09
-0.07858,600,1.23914188,91.218128,2.24092E-05,2.60909E+20,3.11937E-08,3.89732E+15,5.0827171,1.36181E-09
-0.07808,600,1.21659626,89.157685,2.26768E-05,2.56901E+20,3.2728E-08,3.87001E+15,5.0400266,1.33105E-09
-0.07758,600,1.19455757,87.162756,2.28974E-05,2.52957E+20,3.43076E-08,3.84148E+15,4.9933526,1.30127E-09
-0.07708,600,1.17300936,85.234035,2.30719E-05,2.49088E+20,3.59323E-08,3.81175E+15,4.9432473,1.27247E-09
-0.07658,600,1.151935,83.372035,2.32016E-05,2.45298E+20,3.76021E-08,3.78088E+15,4.8902085,1.24467E-09
-0.07608,600,1.13131775,81.577171,2.32878E-05,2.41595E+20,3.93167E-08,3.74892E+15,4.8346748,1.21788E-09
-0.07558,600,1.11114079,79.849785,2.33321E-05,2.37984E+20,4.10758E-08,3.71596E+15,4.7770263,1.19209E-09
-0.07508,600,1.09138721,78.190154,2.33364E-05,2.34467E+20,4.2879E-08,3.68206E+15,4.7175891,1.16731E-09
-0.07458,600,1.07204005,76.598459,2.33029E-05,2.31049E+20,4.47258E-08,3.64731E+15,4.6566423,1.14355E-09
-0.07408,600,1.05308231,75.074746,2.32339E-05,2.27732E+20,4.66155E-08,3.61181E+15,4.5944266,1.1208E-09
-0.07358,600,1.03449702,73.618877,2.3132E-05,2.24518E+20,4.85477E-08,3.57562E+15,4.5311536,1.09907E-09
-0.07308,600,1.01626725,72.230482,2.3E-05,2.21407E+20,5.05215E-08,3.53883E+15,4.4670141,1.07834E-09
-0.07258,600,0.99837621,70.908924,2.2841E-05,2.18401E+20,5.25362E-08,3.50152E+15,4.4021857,1.05861E-09
-0.07208,600,0.9808073,69.653262,2.26582E-05,2.155E+20,5.45912E-08,3.46378E+15,4.3368393,1.03986E-09
-0.07158,600,0.96354419,68.462245,2.2455E-05,2.12701E+20,5.66858E-08,3.42568E+15,4.2711428,1.02208E-09
-0.07108,600,0.94657092,67.334302,2.22346E-05,2.10006E+20,5.88195E-08,3.38731E+15,4.2052641,1.00524E-09
-0.07058,600,0.92987194,66.26756,2.20005E-05,2.0741E+20,6.09919E-08,3.34874E+15,4.139372,9.89318E-10
-0.07008,600,0.91343222,65.259866,2.17558E-05,2.04913E+20,6.32026E-08,3.31007E+15,4.0736361,9.74274E-10
-0.06958,600,0.89723728,64.308815,2.15034E-05,2.02511E+20,6.54515E-08,3.27136E+15,4.0082254,9.60076E-10
-0.06908,600,0.88127331,63.411796,2.12461E-05,2.002E+20,6.77385E-08,3.23272E+15,3.9433068,9.46684E-10
-0.06858,600,0.86552712,62.566027,2.09861E-05,1.97978E+20,7.00638E-08,3.19422E+15,3.8790423,9.34057E-10
-0.06808,600,0.84998626,61.768606,2.07253E-05,1.9584E+20,7.24273E-08,3.15594E+15,3.815587,9.22152E-10
-0.06758,600,0.83463903,61.016547,2.04653E-05,1.93782E+20,7.48295E-08,3.11797E+15,3.7530865,9.10925E-10
-0.06708,600,0.81947446,60.306829,2.02071E-05,1.918E+20,7.72702E-08,3.08036E+15,3.6916751,9.00329E-10
-0.06658,600,0.80448234,59.636427,1.99514E-05,1.8989E+20,7.97498E-08,3.04319E+15,3.6314742,8.90321E-10
-0.06608,600,0.78965322,59.002354,1.96985E-05,1.88046E+20,8.2268E-08,3.00652E+15,3.5725905,8.80855E-10
-0.06558,600,0.77497838,58.401685,1.94486E-05,1.86265E+20,8.48245E-08,2.97039E+15,3.5151154,8.71887E-10
-0.06508,600,0.76044983,57.831585,1.92015E-05,1.84542E+20,8.74188E-08,2.93485E+15,3.4591242,8.63376E-10
-0.06458,600,0.74606027,57.289331,1.89569E-05,1.82874E+20,9.00501E-08,2.89994E+15,3.4046758,8.55281E-10
-0.06408,600,0.73180306,56.772335,1.87146E-05,1.81257E+20,9.2717E-08,2.86567E+15,3.3518126,8.47562E-10
-0.06358,600,0.7176722,56.278152,1.84743E-05,1.79686E+20,9.5418E-08,2.83206E+15,3.3005604,8.40185E-10
-0.06308,600,0.70366227,55.804496,1.82361E-05,1.78159E+20,9.81512E-08,2.79912E+15,3.2509289,8.33113E-10
-0.06258,600,0.68976842,55.349248,1.8E-05,1.76672E+20,1.00914E-07,2.76687E+15,3.2029117,8.26317E-10
-0.06208,600,0.67598628,54.910463,1.77665E-05,1.75222E+20,1.03705E-07,2.73529E+15,3.1564871,8.19766E-10
-0.06158,600,0.66231196,54.486371,1.75363E-05,1.73805E+20,1.0652E-07,2.70438E+15,3.1116181,8.13435E-10
-0.06108,600,0.648742,54.075382,1.73102E-05,1.7242E+20,1.09357E-07,2.67414E+15,3.0682534,8.07299E-10
-0.06058,600,0.6352733,53.676077,1.70897E-05,1.71063E+20,1.12213E-07,2.64454E+15,3.0263277,8.01338E-10
-0.06008,600,0.62190309,53.287214,1.6876E-05,1.69731E+20,1.15085E-07,2.61559E+15,2.9857625,7.95532E-10
-0.05958,600,0.60862891,52.907711,1.6671E-05,1.68423E+20,1.17971E-07,2.58725E+15,2.946467,7.89867E-10
-0.05908,600,0.59544853,52.536643,1.64763E-05,1.67135E+20,1.20868E-07,2.55953E+15,2.9083387,7.84327E-10
-0.05858,600,0.58235995,52.173224,1.62938E-05,1.65865E+20,1.23775E-07,2.5324E+15,2.871265,7.78902E-10
-0.05808,600,0.56936134,51.816797,1.61252E-05,1.64612E+20,1.2669E-07,2.50585E+15,2.8351236,7.7358E-10
-0.05758,600,0.55645102,51.466814,1.59723E-05,1.63373E+20,1.29613E-07,2.47986E+15,2.7997848,7.68355E-10
-0.05708,600,0.54362744,51.122814,1.58365E-05,1.62146E+20,1.32542E-07,2.45442E+15,2.7651122,7.6322E-10
-0.05658,600,0.53088915,50.784404,1.57191E-05,1.60928E+20,1.35478E-07,2.42951E+15,2.7309649,7.58168E-10
-0.05608,600,0.5182348,50.451233,1.56213E-05,1.5972E+20,1.38422E-07,2.40512E+15,2.697199,7.53194E-10
-0.05558,600,0.50566312,50.122973,1.55437E-05,1.58518E+20,1.41375E-07,2.38123E+15,2.6636694,7.48293E-10
-0.05508,600,0.49317293,49.799287,1.5487E-05,1.57321E+20,1.44337E-07,2.35782E+15,2.6302314,7.43461E-10
-0.05458,600,0.48076313,49.479813,1.54514E-05,1.56129E+20,1.47312E-07,2.33486E+15,2.5967426,7.38691E-10
-0.05408,600,0.46843271,49.164136,1.5437E-05,1.54939E+20,1.50301E-07,2.31235E+15,2.5630642,7.33978E-10
-0.05358,600,0.45618078,48.851771,1.54435E-05,1.53752E+20,1.53306E-07,2.29026E+15,2.5290628,7.29315E-10
-0.05308,600,0.44400659,48.542138,1.54705E-05,1.52565E+20,1.56331E-07,2.26856E+15,2.4946117,7.24693E-10
-0.05258,600,0.43190954,48.234543,1.55177E-05,1.51379E+20,1.59378E-07,2.24724E+15,2.4595923,7.201E-10
-0.05208,600,0.41988922,47.928162,1.55844E-05,1.50193E+20,1.62451E-07,2.22626E+15,2.4238959,7.15526E-10
-0.05158,600,0.40794544,47.622013,1.56698E-05,1.49006E+20,1.65552E-07,2.2056E+15,2.3874254,7.10956E-10
-0.05108,600,0.39607829,47.31494,1.57734E-05,1.47818E+20,1.68684E-07,2.18524E+15,2.3500979,7.06372E-10
-0.05058,600,0.38428816,47.005584,1.58944E-05,1.46629E+20,1.71852E-07,2.16515E+15,2.3118475,7.01753E-10
-0.05008,600,0.37257582,46.692355,1.60322E-05,1.45439E+20,1.75058E-07,2.14531E+15,2.2726287,6.97077E-10
-0.04958,600,0.36094246,46.373406,1.6186E-05,1.44247E+20,1.78305E-07,2.12568E+15,2.2324215,6.92315E-10
-0.04908,600,0.34938977,46.046593,1.63553E-05,1.43054E+20,1.81598E-07,2.10626E+15,2.1912358,6.87436E-10
-0.04858,600,0.33792002,45.709448,1.65395E-05,1.41858E+20,1.84941E-07,2.08702E+15,2.1491173,6.82403E-10
-0.04808,600,0.32653614,45.35915,1.67381E-05,1.40662E+20,1.88336E-07,2.06795E+15,2.1061534,6.77173E-10
-0.04758,600,0.31524181,44.9925,1.69506E-05,1.39463E+20,1.91789E-07,2.04901E+15,2.0624792,6.71699E-10
-0.04708,600,0.30404155,44.605913,1.71766E-05,1.38263E+20,1.95303E-07,2.03021E+15,2.0182816,6.65928E-10
-0.04658,600,0.29294084,44.195427,1.74156E-05,1.37061E+20,1.98883E-07,2.01152E+15,1.9738033,6.598E-10
-0.04608,600,0.28194619,43.756739,1.76673E-05,1.35857E+20,2.02533E-07,1.99294E+15,1.9293432,6.53251E-10
-0.04558,600,0.27106521,43.285266,1.79312E-05,1.34651E+20,2.06258E-07,1.97445E+15,1.8852546,6.46212E-10
-0.04508,600,0.26030668,42.776252,1.82069E-05,1.33443E+20,2.10062E-07,1.95604E+15,1.8419382,6.38613E-10
-0.04458,600,0.24968061,42.224906,1.84938E-05,1.32234E+20,2.13951E-07,1.93771E+15,1.7998317,6.30382E-10
-0.04408,600,0.23919815,41.62659,1.87916E-05,1.31022E+20,2.1793E-07,1.91946E+15,1.7593928,6.21449E-10
-0.04358,600,0.22887158,40.977043,1.90996E-05,1.29809E+20,2.22004E-07,1.90126E+15,1.7210779,6.11752E-10
-0.04308,600,0.2187142,40.272631,1.94173E-05,1.28594E+20,2.26178E-07,1.88312E+15,1.6853165,6.01236E-10
-0.04258,600,0.20874007,39.51063,1.97442E-05,1.27378E+20,2.30457E-07,1.86503E+15,1.6524814,5.8986E-10
-0.04208,600,0.19896382,38.689486,2.00798E-05,1.26159E+20,2.34848E-07,1.84697E+15,1.6228589,5.77601E-10
-0.04158,600,0.18940027,37.809063,2.04235E-05,1.2494E+20,2.39354E-07,1.82895E+15,1.5966203,5.64457E-10
-0.04108,600,0.18006411,36.870831,2.07747E-05,1.23719E+20,2.43982E-07,1.81094E+15,1.5737985,5.5045E-10
-0.04058,600,0.17096941,35.877972,2.11332E-05,1.22497E+20,2.48737E-07,1.79295E+15,1.554273,5.35627E-10
-0.04008,600,0.16212927,34.83539,2.14985E-05,1.21274E+20,2.53625E-07,1.77496E+15,1.5377648,5.20063E-10
-0.03958,600,0.15355532,33.749603,2.18704E-05,1.20051E+20,2.58651E-07,1.75695E+15,1.523845,5.03853E-10
-0.03908,600,0.14525741,32.628524,2.22489E-05,1.18828E+20,2.63821E-07,1.73893E+15,1.5119542,4.87116E-10
-0.03858,600,0.13724325,31.481146,2.26339E-05,1.17605E+20,2.6914E-07,1.72088E+15,1.5014339,4.69987E-10
-0.03808,600,0.12951822,30.317157,2.30255E-05,1.16381E+20,2.74615E-07,1.70279E+15,1.4915655,4.52609E-10
-0.03758,600,0.12208523,29.146505,2.3424E-05,1.15158E+20,2.80251E-07,1.68467E+15,1.4816129,4.35132E-10
-0.03708,600,0.11494471,27.978978,2.38297E-05,1.13935E+20,2.86057E-07,1.6665E+15,1.4708656,4.17702E-10
-0.03658,600,0.10809471,26.8238,2.4243E-05,1.12712E+20,2.92037E-07,1.64829E+15,1.4586774,4.00456E-10
-0.03608,600,0.10153108,25.689303,2.46643E-05,1.11489E+20,2.98201E-07,1.63004E+15,1.4444975,3.83519E-10
-0.03558,600,0.09524773,24.58267,2.5094E-05,1.10266E+20,3.04556E-07,1.61174E+15,1.4278931,3.66998E-10
-0.03508,600,0.08923693,23.509772,2.55327E-05,1.09043E+20,3.1111E-07,1.59341E+15,1.4085612,3.50981E-10
-0.03458,600,0.08348966,22.475091,2.59808E-05,1.07818E+20,3.17872E-07,1.57505E+15,1.3863314,3.35534E-10
-0.03408,600,0.07799594,21.481726,2.64387E-05,1.06593E+20,3.24852E-07,1.55666E+15,1.3611605,3.20704E-10
-0.03358,600,0.0727452,20.531459,2.69067E-05,1.05367E+20,3.32059E-07,1.53826E+15,1.3331203,3.06517E-10
-0.03308,600,0.06772657,19.624875,2.73852E-05,1.04139E+20,3.39503E-07,1.51984E+15,1.3023817,2.92983E-10
-0.03258,600,0.06292916,18.76151,2.78745E-05,1.02909E+20,3.47197E-07,1.50142E+15,1.2691961,2.80093E-10
-0.03208,600,0.05834232,17.940021,2.83747E-05,1.01677E+20,3.5515E-07,1.48299E+15,1.2338764,2.67829E-10
-0.03158,600,0.05395583,17.158354,2.8886E-05,1.00442E+20,3.63374E-07,1.46457E+15,1.1967787,2.5616E-10
-0.03108,600,0.04976004,16.413916,2.94086E-05,9.9205E+19,3.71881E-07,1.44616E+15,1.1582855,2.45046E-10
-0.03058,600,0.04574601,15.70373,2.99427E-05,9.79652E+19,3.80683E-07,1.42776E+15,1.1187907,2.34443E-10
-0.03008,600,0.04190559,15.024577,3.04884E-05,9.67226E+19,3.89794E-07,1.40936E+15,1.078688,2.24304E-10
-0.02958,600,0.03823142,14.373127,3.10459E-05,9.54772E+19,3.99225E-07,1.39098E+15,1.0383597,2.14578E-10
-0.02908,600,0.03471699,13.746052,3.16155E-05,9.4229E+19,4.0899E-07,1.3726E+15,0.99816895,2.05217E-10
-0.02858,600,0.03135663,13.140121,3.21974E-05,9.29781E+19,4.19103E-07,1.35422E+15,0.95845304,1.96171E-10
-0.02808,600,0.02814543,12.552292,3.27921E-05,9.17246E+19,4.29578E-07,1.33584E+15,0.91951764,1.87395E-10
-0.02758,600,0.02507921,11.979785,3.34E-05,9.04687E+19,4.40429E-07,1.31745E+15,0.88163252,1.78848E-10
-0.02708,600,0.02215446,11.420144,3.40219E-05,8.92107E+19,4.5167E-07,1.29904E+15,0.84502769,1.70493E-10
-0.02658,600,0.01936824,10.8713,3.46585E-05,8.79506E+19,4.63318E-07,1.2806E+15,0.80989023,1.62299E-10
-0.02608,600,0.01671805,10.331608,3.53108E-05,8.66889E+19,4.75387E-07,1.26214E+15,0.77636182,1.54242E-10
-0.02558,600,0.01420177,9.7998828,3.59798E-05,8.54257E+19,4.87896E-07,1.24363E+15,0.74453689,1.46304E-10
-0.02508,600,0.01181751,9.275418,3.66669E-05,8.41612E+19,5.00861E-07,1.22507E+15,0.71446185,1.38474E-10
-0.02458,600,0.00956348,8.7579888,3.73735E-05,8.28957E+19,5.14301E-07,1.20645E+15,0.68613551,1.30749E-10
-0.02408,600,0.00743791,8.2478369,3.81013E-05,8.16293E+19,5.28237E-07,1.18777E+15,0.65951103,1.23133E-10
-0.02358,600,0.0054389,7.7456374,3.88522E-05,8.0362E+19,5.4269E-07,1.16902E+15,0.63449956,1.15636E-10
-0.02308,600,0.00356434,7.2524458,3.9628E-05,7.90938E+19,5.57685E-07,1.1502E+15,0.61097568,1.08273E-10
-0.02258,600,0.00181181,6.7696288,4.0431E-05,7.78247E+19,5.73247E-07,1.13132E+15,0.5887845,1.01065E-10
-0.02208,600,0.00017853,6.2987795,4.12633E-05,7.65544E+19,5.89406E-07,1.11237E+15,0.56775018,9.40354E-11
-0.02158,600,-0.00133872,5.8416243,4.21273E-05,7.52827E+19,6.06193E-07,1.09337E+15,0.54768534,8.72104E-11
-0.02108,600,-0.00274357,5.3999254,4.30252E-05,7.40091E+19,6.23644E-07,1.07433E+15,0.52840081,8.06163E-11
-0.02058,600,-0.00404011,4.9753856,4.39593E-05,7.2733E+19,6.41798E-07,1.05525E+15,0.50971495,7.42782E-11
-0.02008,600,-0.00523283,4.5695627,4.49319E-05,7.1454E+19,6.60698E-07,1.03617E+15,0.49146199,6.82197E-11
-0.01958,600,-0.00632657,4.183797,4.59451E-05,7.01712E+19,6.80393E-07,1.0171E+15,0.47349874,6.24605E-11
-0.01908,600,-0.00732649,3.8191564,4.70007E-05,6.8884E+19,7.00935E-07,9.98071E+14,0.45570938,5.70167E-11
-0.01858,600,-0.00823797,3.4764018,4.81004E-05,6.75917E+19,7.22383E-07,9.79101E+14,0.43800808,5.18997E-11
-0.01808,600,-0.00906655,3.1559715,4.92456E-05,6.62933E+19,7.44799E-07,9.60223E+14,0.42033955,4.7116E-11
-0.01758,600,-0.00981783,2.8579838,5.04374E-05,6.49884E+19,7.68253E-07,9.41465E+14,0.40267766,4.26673E-11
-0.01708,600,-0.0104974,2.5822558,5.16765E-05,6.3676E+19,7.92819E-07,9.22856E+14,0.38502264,3.85509E-11
-0.01658,600,-0.01111077,2.3283331,5.29633E-05,6.23558E+19,8.18579E-07,9.04425E+14,0.36739712,3.476E-11
-0.01608,600,-0.01166332,2.0955282,5.42976E-05,6.10272E+19,8.4562E-07,8.86199E+14,0.34984158,3.12844E-11
-0.01558,600,-0.01216022,1.8829631,5.5679E-05,5.96901E+19,8.74036E-07,8.68203E+14,0.33240958,2.8111E-11
-0.01508,600,-0.01260641,1.689613,5.71066E-05,5.83441E+19,9.03927E-07,8.50458E+14,0.3151631,2.52245E-11
-0.01458,600,-0.01300654,1.5143487,5.85789E-05,5.69896E+19,9.35401E-07,8.32984E+14,0.2981683,2.26079E-11
-0.01408,600,-0.01336499,1.3559757,6.00942E-05,5.56269E+19,9.68575E-07,8.15794E+14,0.28149186,2.02436E-11
-0.01358,600,-0.01368583,1.2132681,6.16504E-05,5.42565E+19,1.00357E-06,7.98898E+14,0.26519797,1.81131E-11
-0.01308,600,-0.01397283,1.0849981,6.3245E-05,5.28794E+19,1.04053E-06,7.823E+14,0.24934598,1.61981E-11
-0.01258,600,-0.01422943,0.96995971,6.48749E-05,5.14967E+19,1.07958E-06,7.65998E+14,0.23398877,1.44807E-11
-0.01208,600,-0.01445881,0.86698689,6.65372E-05,5.01098E+19,1.12088E-06,7.49986E+14,0.21917166,1.29434E-11
-0.01158,600,-0.01466384,0.7749676,6.82285E-05,4.87204E+19,1.1646E-06,7.34252E+14,0.20493189,1.15696E-11
-0.01108,600,-0.01484712,0.69285314,6.99453E-05,4.73304E+19,1.21091E-06,7.18778E+14,0.19129846,1.03437E-11
-0.01058,600,-0.01501101,0.61966416,7.16842E-05,4.59419E+19,1.26E-06,7.03542E+14,0.17829236,9.25105E-12
-0.01008,600,-0.01515762,0.55449359,7.3442E-05,4.45571E+19,1.31207E-06,6.8852E+14,0.16592697,8.27811E-12
-0.00958,600,-0.01528885,0.49650736,7.52153E-05,4.31784E+19,1.36735E-06,6.73682E+14,0.15420873,7.41243E-12
-0.00908,600,-0.01540641,0.44494327,7.70014E-05,4.18083E+19,1.42608E-06,6.59E+14,0.14313782,6.64262E-12
-0.00858,600,-0.0155118,0.39910849,7.87979E-05,4.04493E+19,1.48851E-06,6.44445E+14,0.13270896,5.95835E-12
-0.00808,600,-0.01560639,0.35837625,8.06029E-05,3.91037E+19,1.55493E-06,6.29987E+14,0.12291218,5.35025E-12
-0.00758,600,-0.01569137,0.32218181,8.24151E-05,3.77739E+19,1.62564E-06,6.15602E+14,0.11373361,4.8099E-12
-0.00708,600,-0.01576782,0.29001813,8.42341E-05,3.6462E+19,1.70098E-06,6.01266E+14,0.10515622,4.32972E-12
-0.00658,600,-0.01583668,0.26143142,8.60598E-05,3.51702E+19,1.78133E-06,5.86961E+14,0.097160468,3.90295E-12
-0.00608,600,-0.0158988,0.23601663,8.78934E-05,3.39001E+19,1.86707E-06,5.72673E+14,0.089724987,3.52353E-12
-0.00558,600,-0.01595492,0.2134131,8.97366E-05,3.26533E+19,1.95867E-06,5.58395E+14,0.082827089,3.18607E-12
-0.00508,600,-0.01600571,0.19330043,9.15919E-05,3.14312E+19,2.05659E-06,5.44123E+14,0.076443285,2.88581E-12
-0.00458,600,-0.01605175,0.17539451,9.34625E-05,3.02348E+19,2.16138E-06,5.2986E+14,0.07054971,2.61849E-12
-0.00408,600,-0.01609357,0.15944392,9.53524E-05,2.90649E+19,2.27364E-06,5.15614E+14,0.065122489,2.38036E-12
-0.00358,600,-0.01613162,0.14522655,9.72661E-05,2.79222E+19,2.39402E-06,5.01396E+14,0.060138058,2.16811E-12
-0.00308,600,-0.01616631,0.13254657,9.92086E-05,2.68068E+19,2.52323E-06,4.87223E+14,0.05557342,1.97881E-12
-0.00258,600,-0.01619801,0.12123161,0.000101185,2.57191E+19,2.66209E-06,4.73113E+14,0.051406364,1.80988E-12
-0.00208,600,-0.01622703,0.11113031,0.000103202,2.4659E+19,2.81149E-06,4.59089E+14,0.047615644,1.65908E-12
-0.00158,600,-0.01625366,0.10211006,0.000105265,2.36264E+19,2.97241E-06,4.45172E+14,0.044181116,1.52442E-12
-0.00108,600,-0.01627816,0.094055021,0.00010738,2.2621E+19,3.14594E-06,4.31386E+14,0.041083857,1.40416E-12
-0.00058,600,-0.01630076,0.08686435,0.000109553,2.16425E+19,3.33331E-06,4.17755E+14,0.038306245,1.29681E-12
-0.00008,600,-0.01632166,0.080450669,0.000111791,2.06905E+19,3.53587E-06,4.04303E+14,0.03583203,1.20106E-12
0.00042,600,-0.01634104,0.074738686,0.000114099,1.97645E+19,3.75514E-06,3.9105E+14,0.033646379,1.11578E-12
0.00092,600,-0.01635908,0.069664016,0.000116483,1.88641E+19,3.99281E-06,3.78017E+14,0.031735912,1.04002E-12
0.00142,600,-0.01637593,0.065172162,0.00011895,1.79889E+19,4.25075E-06,3.65222E+14,0.030088724,9.72965E-13
0.00192,600,-0.01639171,0.06121764,0.000121505,1.71385E+19,4.53108E-06,3.52682E+14,0.0286944,9.13927E-13
0.00242,600,-0.01640658,0.057763242,0.000124153,1.63124E+19,4.83615E-06,3.40411E+14,0.027544021,8.62356E-13
0.00292,600,-0.01642063,0.054779437,0.0001269,1.55103E+19,5.16861E-06,3.2842E+14,0.026630168,8.1781E-13
0.00342,600,-0.016434,0.052243881,0.000129751,1.47319E+19,5.53143E-06,3.16718E+14,0.025946917,7.79956E-13
0.00392,600,-0.01644679,0.050141051,0.000132711,1.39768E+19,5.92794E-06,3.05315E+14,0.025489839,7.48563E-13
0.00442,600,-0.01645911,0.048461988,0.000135784,1.32449E+19,6.36188E-06,2.94214E+14,0.025255989,7.23496E-13
0.00492,600,-0.01647106,0.04720414,0.000138975,1.25359E+19,6.83748E-06,2.8342E+14,0.025243902,7.04717E-13
0.00542,600,-0.01648275,0.046371323,0.000142289,1.18496E+19,7.35949E-06,2.72935E+14,0.025453579,6.92284E-13
0.00592,600,-0.01649428,0.045973771,0.00014573,1.11859E+19,7.93326E-06,2.62759E+14,0.02588648,6.86349E-13
0.00642,600,-0.01650577,0.046028311,0.0001493,1.05447E+19,8.56486E-06,2.52893E+14,0.026545508,6.87163E-13
0.00692,600,-0.01651733,0.046558628,0.000153004,9.9258E+18,9.26112E-06,2.43335E+14,0.027434997,6.9508E-13
0.00742,600,-0.01652909,0.047595655,0.000156844,9.32924E+18,1.00298E-05,2.34081E+14,0.028560692,7.10562E-13
0.00792,600,-0.01654118,0.049178073,0.000160821,8.7549E+18,1.08795E-05,2.2513E+14,0.029929729,7.34186E-13
0.00842,600,-0.01655373,0.051352941,0.000164937,8.20272E+18,1.18202E-05,2.16477E+14,0.031550606,7.66655E-13
0.00892,600,-0.01656691,0.054176454,0.000169191,7.67266E+18,1.2863E-05,2.08118E+14,0.033433149,8.08808E-13
0.00942,600,-0.01658088,0.057714844,0.00017358,7.16465E+18,1.40203E-05,2.00049E+14,0.035588467,8.61633E-13
0.00992,600,-0.01659583,0.062045435,0.0001781,6.67864E+18,1.53065E-05,1.92265E+14,0.038028902,9.26285E-13
0.01042,600,-0.01661197,0.067257858,0.000182743,6.21455E+18,1.67372E-05,1.8476E+14,0.040767952,1.0041E-12
0.01092,600,-0.01662954,0.073455453,0.000187498,5.77229E+18,1.83303E-05,1.77531E+14,0.043820192,1.09663E-12
0.01142,600,-0.01664879,0.080756849,0.00019235,5.35176E+18,2.01056E-05,1.70573E+14,0.047201163,1.20563E-12
0.01192,600,-0.01667002,0.089297762,0.000197277,4.95283E+18,2.2085E-05,1.63882E+14,0.050927242,1.33314E-12
0.01242,600,-0.01669356,0.099233004,0.00020225,4.57533E+18,2.42925E-05,1.57453E+14,0.055015481,1.48146E-12
0.01292,600,-0.01671977,0.11073872,0.000207231,4.2191E+18,2.67543E-05,1.51284E+14,0.059483416,1.65323E-12
0.01342,600,-0.01674908,0.1240149,0.00021217,3.8839E+18,2.94983E-05,1.45371E+14,0.064348833,1.85144E-12
0.01392,600,-0.01678194,0.13928806,0.000217003,3.56949E+18,3.25537E-05,1.39714E+14,0.069629497,2.07945E-12
0.01442,600,-0.01681891,0.15681429,0.00022165,3.27558E+18,3.59497E-05,1.34309E+14,0.07534283,2.3411E-12
0.01492,600,-0.01686056,0.17688244,0.000226007,3.00185E+18,3.97146E-05,1.29157E+14,0.081505538,2.6407E-12
0.01542,600,-0.01690759,0.1998176,0.000229947,2.74792E+18,4.3873E-05,1.24258E+14,0.088133181,2.98311E-12
0.01592,600,-0.01696074,0.22598476,0.000233311,2.51342E+18,4.84424E-05,1.19613E+14,0.095239683,3.37376E-12
0.01642,600,-0.01702088,0.25579258,0.000235907,2.29791E+18,5.34289E-05,1.15224E+14,0.10283679,3.81876E-12
0.01692,600,-0.01708898,0.28969731,0.000237504,2.10095E+18,5.88201E-05,1.11094E+14,0.11093345,4.32493E-12
0.01742,600,-0.01716612,0.32820659,0.000237831,1.92206E+18,6.45778E-05,1.07226E+14,0.11953516,4.89984E-12
0.01792,600,-0.01725351,0.37188316,0.000236576,1.76076E+18,7.06269E-05,1.03623E+14,0.12864327,5.5519E-12
0.01842,600,-0.01735254,0.42134815,0.000233398,1.61655E+18,7.68449E-05,1.00289E+14,0.13825418,6.29037E-12
0.01892,600,-0.01746473,0.47728378,0.000227934,1.48895E+18,8.30505E-05,9.72291E+13,0.14835866,7.12544E-12
0.01942,600,-0.01759178,0.5404352,0.000219826,1.37748E+18,8.89953E-05,9.44468E+13,0.15894104,8.06823E-12
0.01992,600,-0.01773561,0.61161105,0.000208758,1.28168E+18,9.43624E-05,9.19457E+13,0.16997856,9.13083E-12
0.02042,600,-0.01789833,0.69168236,0.000194496,1.20115E+18,9.87763E-05,8.97288E+13,0.18144075,1.03262E-11
0.02092,600,-0.01808227,0.78157921,0.000176942,1.13549E+18,0.00010183,8.77982E+13,0.19328897,1.16683E-11
0.02142,600,-0.01829002,0.88228482,0.000156182,1.08439E+18,0.000103131,8.61549E+13,0.20547623,1.31718E-11
0.02192,600,-0.0185244,0.99482629,0.000132519,1.04757E+18,0.000102361,8.47987E+13,0.21794721,1.48519E-11
0.02242,600,-0.01878851,1.1202615,0.000106486,1.02484E+18,9.93496E-05,8.37276E+13,0.23063877,1.67245E-11
0.02292,600,-0.0190857,1.2596618,7.88213E-05,1.01605E+18,9.41222E-05,8.29384E+13,0.24348079,1.88057E-11
0.02342,600,-0.01941959,1.4140899,5.04141E-05,1.02114E+18,8.69295E-05,8.24259E+13,0.25639766,2.11112E-11
0.02392,600,-0.01979408,1.584573,2.22197E-05,1.04011E+18,7.82235E-05,8.21833E+13,0.26931025,2.36563E-11
0.02442,600,-0.02021329,1.7720715,-4.83544E-06,1.07302E+18,6.85915E-05,8.22026E+13,0.28213854,2.64555E-11
0.02492,600,-0.0206816,1.977443,-2.99435E-05,1.11999E+18,5.866E-05,8.24738E+13,0.29480481,2.95215E-11
0.02542,600,-0.02120357,2.2014041,-5.24831E-05,1.18119E+18,4.89999E-05,8.29862E+13,0.30723732,3.28651E-11
0.02592,600,-0.0217839,2.4444903,-7.20544E-05,1.2568E+18,4.00547E-05,8.37281E+13,0.31937435,3.64941E-11
0.02642,600,-0.02242743,2.7070169,-8.84811E-05,1.34706E+18,3.21086E-05,8.46873E+13,0.33116835,4.04134E-11
0.02692,600,-0.02313903,2.9890435,-0.000101783,1.45216E+18,2.52908E-05,8.58518E+13,0.34258995,4.46239E-11
0.02742,600,-0.02392356,3.2903449,-0.000112136,1.57231E+18,1.96055E-05,8.72099E+13,0.35363148,4.9122E-11
0.02792,600,-0.02478577,3.610392,-0.000119818,1.70767E+18,1.49713E-05,8.8751E+13,0.36430961,5.39001E-11
0.02842,600,-0.02573025,3.9483441,-0.000125169,1.85834E+18,1.12593E-05,9.04662E+13,0.37466687,5.89454E-11
0.02892,600,-0.02676134,4.3030574,-0.000128553,2.02437E+18,8.32347E-06,9.23485E+13,0.38477166,6.4241E-11
0.02942,600,-0.02788306,4.6731074,-0.000130329,2.20571E+18,6.02047E-06,9.43932E+13,0.39471665,6.97655E-11
0.02992,600,-0.02909903,5.0568285,-0.000130838,2.40222E+18,4.22087E-06,9.65985E+13,0.40461558,7.54941E-11
0.03042,600,-0.03041246,5.452366,-0.000130391,2.61367E+18,2.81414E-06,9.89656E+13,0.41459853,8.13992E-11
0.03092,600,-0.03182604,5.8577406,-0.000129268,2.83972E+18,1.7093E-06,1.01499E+14,0.42480608,8.7451E-11
0.03142,600,-0.03334198,6.2709182,-0.000127717,3.07995E+18,8.33438E-07,1.04205E+14,0.43538273,9.36194E-11
0.03192,600,-0.03496198,6.689883,-0.000125957,3.33384E+18,1.29152E-07,1.07093E+14,0.44647009,9.98742E-11
0.03242,600,-0.03668724,7.1127066,-0.00012418,3.60081E+18,-4.48141E-07,1.10178E+14,0.45820048,1.06187E-10
0.03292,600,-0.0385185,7.5376107,-0.00012256,3.88022E+18,-9.32742E-07,1.13471E+14,0.47069134,1.1253E-10
0.03342,600,-0.04045609,7.9630177,-0.000121245,4.17139E+18,-1.35081E-06,1.16991E+14,0.48404091,1.18881E-10
0.03392,600,-0.04249994,8.387588,-0.000120369,4.47362E+18,-1.7221E-06,1.20754E+14,0.49832534,1.2522E-10
0.03442,600,-0.04464972,8.8102435,-0.000120046,4.78624E+18,-2.06124E-06,1.24779E+14,0.51359738,1.31529E-10
0.03492,600,-0.04690484,9.230176,-0.000120367,5.10858E+18,-2.37876E-06,1.29083E+14,0.52988648,1.37799E-10
0.03542,600,-0.04926454,9.6468437,-0.0001214,5.44001E+18,-2.68173E-06,1.33685E+14,0.54720022,1.44019E-10
0.03592,600,-0.05172796,10.059957,-0.000123185,5.78E+18,-2.97431E-06,1.38602E+14,0.5655266,1.50187E-10
0.03642,600,-0.05429421,10.469455,-0.000125724,6.12805E+18,-3.2581E-06,1.43853E+14,0.5848371,1.563E-10
0.03692,600,-0.0569624,10.875482,-0.000128981,6.48378E+18,-3.53251E-06,1.49452E+14,0.60508989,1.62362E-10
0.03742,600,-0.05973169,11.278355,-0.000132878,6.84692E+18,-3.79509E-06,1.55416E+14,0.62623324,1.68376E-10
0.03792,600,-0.06260135,11.678534,-0.000137292,7.21728E+18,-4.042E-06,1.61757E+14,0.64820863,1.74351E-10
0.03842,600,-0.06557078,12.076596,-0.000142068,7.59482E+18,-4.26856E-06,1.68489E+14,0.67095356,1.80293E-10
0.03892,600,-0.06863953,12.473208,-0.000147021,7.9796E+18,-4.46984E-06,1.75622E+14,0.69440393,1.86214E-10
0.03942,600,-0.07180732,12.869101,-0.000151958,8.37183E+18,-4.64132E-06,1.83167E+14,0.71849593,1.92125E-10
0.03992,600,-0.07507408,13.265052,-0.000156688,8.77185E+18,-4.77939E-06,1.91131E+14,0.74316755,1.98036E-10
0.04042,600,-0.07843992,13.66187,-0.000161046,9.18013E+18,-4.88181E-06,1.9952E+14,0.76835956,2.0396E-10
0.04092,600,-0.08190516,14.060374,-0.000164898,9.59729E+18,-4.94785E-06,2.08341E+14,0.7940163,2.09909E-10
0.04142,600,-0.08547032,14.461389,-0.000168152,1.00241E+19,-4.97826E-06,2.17596E+14,0.82008598,2.15896E-10
0.04192,600,-0.08913613,14.865733,-0.000170757,1.04614E+19,-4.97509E-06,2.27285E+14,0.84652092,2.21933E-10
0.04242,600,-0.09290353,15.27421,-0.000172705,1.09103E+19,-4.94133E-06,2.37409E+14,0.8732775,2.28031E-10
0.04292,600,-0.09677365,15.687601,-0.000174015,1.13719E+19,-4.88055E-06,2.47964E+14,0.90031596,2.34202E-10
0.04342,600,-0.1007478,16.106667,-0.000174732,1.18475E+19,-4.79659E-06,2.58946E+14,0.92760009,2.40459E-10
0.04392,600,-0.10482751,16.532136,-0.000174914,1.23386E+19,-4.69328E-06,2.70349E+14,0.95509684,2.46811E-10
0.04442,600,-0.10901446,16.964709,-0.000174629,1.28466E+19,-4.57422E-06,2.82163E+14,0.98277586,2.53269E-10
0.04492,600,-0.11331051,17.405052,-0.000173942,1.33733E+19,-4.4427E-06,2.9438E+14,1.010609,2.59843E-10
0.04542,600,-0.11771769,17.853798,-0.000172917,1.39202E+19,-4.30161E-06,3.06988E+14,1.0385698,2.66542E-10
0.04592,600,-0.12223816,18.311541,-0.000171612,1.44891E+19,-4.15348E-06,3.19974E+14,1.0666333,2.73376E-10
0.04642,600,-0.12687426,18.778838,-0.000170078,1.50819E+19,-4.00044E-06,3.33324E+14,1.0947753,2.80352E-10
0.04692,600,-0.13162842,19.256202,-0.000168357,1.57004E+19,-3.84434E-06,3.47026E+14,1.1229728,2.87479E-10
0.04742,600,-0.13650323,19.744098,-0.000166487,1.63463E+19,-3.68672E-06,3.61063E+14,1.1512037,2.94762E-10
0.04792,600,-0.14150138,20.242937,-0.000164496,1.70216E+19,-3.52889E-06,3.75421E+14,1.1794473,3.0221E-10
0.04842,600,-0.14662564,20.753068,-0.000162407,1.7728E+19,-3.37196E-06,3.90086E+14,1.2076847,3.09826E-10
0.04892,600,-0.15187888,21.274767,-0.00016024,1.84672E+19,-3.21687E-06,4.05042E+14,1.2358997,3.17614E-10
0.04942,600,-0.15726401,21.808232,-0.00015801,1.92409E+19,-3.06442E-06,4.20276E+14,1.2640797,3.25578E-10
0.04992,600,-0.16278399,22.353567,-0.000155727,2.00507E+19,-2.91528E-06,4.35773E+14,1.2922169,3.3372E-10
0.05042,600,-0.16844178,22.910776,-0.000153401,2.08981E+19,-2.77E-06,4.5152E+14,1.3203093,3.42038E-10
0.05092,600,-0.17424035,23.479752,-0.000151038,2.17845E+19,-2.62906E-06,4.67503E+14,1.348362,3.50533E-10
0.05142,600,-0.18018262,24.060272,-0.000148644,2.27111E+19,-2.49281E-06,4.83712E+14,1.3763881,3.59199E-10
0.05192,600,-0.18627142,24.651988,-0.000146222,2.36792E+19,-2.36154E-06,5.00134E+14,1.40441,3.68033E-10
0.05242,600,-0.19250951,25.254426,-0.000143777,2.46896E+19,-2.23545E-06,5.1676E+14,1.43246,3.77027E-10
0.05292,600,-0.19889948,25.866988,-0.00014131,2.57431E+19,-2.11468E-06,5.33583E+14,1.460581,3.86172E-10
0.05342,600,-0.20544379,26.488953,-0.000138824,2.68404E+19,-1.9993E-06,5.50596E+14,1.4888267,3.95457E-10
0.05392,600,-0.21214467,27.119483,-0.000136322,2.79818E+19,-1.88934E-06,5.67798E+14,1.5172621,4.04871E-10
0.05442,600,-0.21900416,27.757637,-0.000133804,2.91674E+19,-1.78476E-06,5.8519E+14,1.5459628,4.14398E-10
0.05492,600,-0.22602404,28.402381,-0.000131273,3.03972E+19,-1.68548E-06,6.02779E+14,1.5750157,4.24023E-10
0.05542,600,-0.23320581,29.052603,-0.000128731,3.16706E+19,-1.59141E-06,6.20577E+14,1.6045173,4.3373E-10
0.05592,600,-0.2405507,29.707135,-0.000126181,3.29869E+19,-1.50241E-06,6.38604E+14,1.6345737,4.43502E-10
0.05642,600,-0.24805964,30.364779,-0.000123627,3.43449E+19,-1.41832E-06,6.56887E+14,1.6652992,4.5332E-10
0.05692,600,-0.25573325,31.024325,-0.000121071,3.57434E+19,-1.33896E-06,6.75462E+14,1.6968147,4.63167E-10
0.05742,600,-0.26357186,31.684588,-0.000118518,3.71804E+19,-1.26415E-06,6.94373E+14,1.7292463,4.73024E-10
0.05792,600,-0.27157551,32.344436,-0.000115973,3.86539E+19,-1.19371E-06,7.13675E+14,1.7627227,4.82875E-10
0.05842,600,-0.27974396,33.002825,-0.000113441,4.01616E+19,-1.12742E-06,7.3343E+14,1.7973735,4.92704E-10
0.05892,600,-0.28807672,33.658833,-0.00011093,4.17008E+19,-1.06509E-06,7.5371E+14,1.8333263,5.02498E-10
0.05942,600,-0.29657311,34.311696,-0.000108445,4.32688E+19,-1.00651E-06,7.74591E+14,1.8707042,5.12244E-10
0.05992,600,-0.30523226,34.960835,-0.000105995,4.48628E+19,-9.51499E-07,7.96157E+14,1.9096238,5.21935E-10
0.06042,600,-0.31405319,35.605891,-0.000103587,4.64799E+19,-8.99847E-07,8.18494E+14,1.9501924,5.31565E-10
0.06092,600,-0.32303485,36.246744,-0.000101229,4.81174E+19,-8.51365E-07,8.4169E+14,1.992507,5.41133E-10
0.06142,600,-0.33217622,36.883535,-9.89285E-05,4.97727E+19,-8.05868E-07,8.65833E+14,2.0366524,5.5064E-10
0.06192,600,-0.34147631,37.516678,-9.6694E-05,5.14436E+19,-7.63174E-07,8.91009E+14,2.0827006,5.60092E-10
0.06242,600,-0.35093431,38.146868,-9.45328E-05,5.31279E+19,-7.23107E-07,9.17299E+14,2.1307104,5.695E-10
0.06292,600,-0.36054958,38.775079,-9.24522E-05,5.48243E+19,-6.855E-07,9.44779E+14,2.1807276,5.78879E-10
0.06342,600,-0.37032179,39.40257,-9.04586E-05,5.65317E+19,-6.50188E-07,9.73522E+14,2.232785,5.88247E-10
0.06392,600,-0.38025093,40.030869,-8.85579E-05,5.82494E+19,-6.17017E-07,1.00359E+15,2.2869028,5.97627E-10
0.06442,600,-0.39033744,40.661775,-8.67555E-05,5.99775E+19,-5.85838E-07,1.03504E+15,2.3430892,6.07045E-10
0.06492,600,-0.40058221,41.297344,-8.50558E-05,6.17164E+19,-5.56508E-07,1.06793E+15,2.4013404,6.16534E-10
0.06542,600,-0.41098669,41.939879,-8.34624E-05,6.34672E+19,-5.28895E-07,1.10231E+15,2.4616406,6.26126E-10
0.06592,600,-0.42155294,42.591926,-8.19781E-05,6.52316E+19,-5.0287E-07,1.13821E+15,2.5239618,6.35861E-10
0.06642,600,-0.43228368,43.25626,-8.06052E-05,6.70115E+19,-4.78316E-07,1.17567E+15,2.5882631,6.45779E-10
0.06692,600,-0.44318234,43.935878,-7.9345E-05,6.88096E+19,-4.55119E-07,1.21472E+15,2.6544898,6.55925E-10
0.06742,600,-0.45425316,44.633989,-7.81979E-05,7.0629E+19,-4.33175E-07,1.2554E+15,2.7225721,6.66347E-10
0.06792,600,-0.46550116,45.354006,-7.7164E-05,7.24734E+19,-4.12388E-07,1.29773E+15,2.792424,6.77096E-10
0.06842,600,-0.47693229,46.099536,-7.62424E-05,7.43466E+19,-3.92668E-07,1.34175E+15,2.8639414,6.88227E-10
0.06892,600,-0.48855337,46.874363,-7.54316E-05,7.62532E+19,-3.73932E-07,1.38746E+15,2.9370008,6.99794E-10
0.06942,600,-0.50037224,47.682436,-7.47296E-05,7.81982E+19,-3.56103E-07,1.4349E+15,3.0114574,7.11858E-10
0.06992,600,-0.5123977,48.52785,-7.41336E-05,8.01867E+19,-3.39114E-07,1.48408E+15,3.0871437,7.24479E-10
0.07042,600,-0.52463963,49.414819,-7.36402E-05,8.22247E+19,-3.22901E-07,1.53501E+15,3.1638686,7.37721E-10
0.07092,600,-0.53710893,50.347642,-7.32454E-05,8.43183E+19,-3.07408E-07,1.58771E+15,3.2414167,7.51647E-10
0.07142,600,-0.54981763,51.330668,-7.29448E-05,8.64744E+19,-2.92583E-07,1.64218E+15,3.319549,7.66323E-10
0.07192,600,-0.56277881,52.368239,-7.2733E-05,8.87E+19,-2.7838E-07,1.69841E+15,3.3980036,7.81813E-10
0.07242,600,-0.57600665,53.464626,-7.2604E-05,9.1003E+19,-2.64759E-07,1.75638E+15,3.4764994,7.98181E-10
0.07292,600,-0.58951637,54.623952,-7.25513E-05,9.33915E+19,-2.51684E-07,1.81607E+15,3.5547399,8.15489E-10
0.07342,600,-0.6033242,55.850096,-7.25672E-05,9.58745E+19,-2.39124E-07,1.87742E+15,3.6324198,8.33794E-10
0.07392,600,-0.61744728,57.146587,-7.26434E-05,9.84613E+19,-2.27051E-07,1.94038E+15,3.7092337,8.5315E-10
0.07442,600,-0.63190361,58.516479,-7.27707E-05,1.01162E+20,-2.1544E-07,2.00487E+15,3.784886,8.73601E-10
0.07492,600,-0.64671185,59.962215,-7.29387E-05,1.03986E+20,-2.04273E-07,2.07078E+15,3.8591039,8.95184E-10
0.07542,600,-0.66189118,61.485492,-7.31363E-05,1.06946E+20,-1.93532E-07,2.138E+15,3.9316511,9.17926E-10
0.07592,600,-0.67746112,63.087109,-7.33513E-05,1.10052E+20,-1.83204E-07,2.20637E+15,4.0023433,9.41836E-10
0.07642,600,-0.69344125,64.766836,-7.35707E-05,1.13315E+20,-1.73277E-07,2.27574E+15,4.0710638,9.66913E-10
0.07692,600,-0.70985094,66.523289,-7.37808E-05,1.16748E+20,-1.63743E-07,2.34593E+15,4.1377781,9.93136E-10
0.07742,600,-0.72670907,68.353841,-7.39675E-05,1.2036E+20,-1.54594E-07,2.41675E+15,4.2025477,1.02046E-09
0.07792,600,-0.74403371,70.254562,-7.41164E-05,1.24164E+20,-1.45827E-07,2.48801E+15,4.2655392,1.04884E-09
0.07842,600,-0.76184177,72.22023,-7.42134E-05,1.28168E+20,-1.37437E-07,2.55952E+15,4.3270287,1.07819E-09
0.07892,600,-0.7801487,74.244386,-7.42448E-05,1.32383E+20,-1.29422E-07,2.63108E+15,4.3874005,1.10841E-09
0.07942,600,-0.79896821,76.319485,-7.4198E-05,1.36814E+20,-1.21779E-07,2.70254E+15,4.4471358,1.13938E-09
0.07992,600,-0.81831199,78.437114,-7.40616E-05,1.41469E+20,-1.14505E-07,2.77372E+15,4.5067948,1.171E-09
0.08042,600,-0.83818956,80.588284,-7.3826E-05,1.46352E+20,-1.07598E-07,2.84453E+15,4.5669881,1.20311E-09
0.08092,600,-0.85860816,82.763794,-7.34835E-05,1.51465E+20,-1.01053E-07,2.91487E+15,4.6283417,1.23559E-09
0.08142,600,-0.87957273,84.954625,-7.30288E-05,1.56806E+20,-9.4866E-08,2.98471E+15,4.6914568,1.2683E-09
0.08192,600,-0.90108604,87.152344,-7.2459E-05,1.62374E+20,-8.90296E-08,3.05406E+15,4.7568678,1.30111E-09
0.08242,600,-0.92314885,89.349466,-7.17736E-05,1.68163E+20,-8.35361E-08,3.12296E+15,4.8250043,1.33391E-09
0.08292,600,-0.9457602,91.539752,-7.09744E-05,1.74166E+20,-7.83762E-08,3.19152E+15,4.8961607,1.36661E-09
0.08342,600,-0.96891775,93.718382,-7.00656E-05,1.80372E+20,-7.3539E-08,3.25991E+15,4.9704803,1.39914E-09
0.08392,600,-0.99261814,95.88199,-6.90536E-05,1.86769E+20,-6.90125E-08,3.3283E+15,5.0479535,1.43144E-09
0.08442,600,-1.01685733,98.028566,-6.79462E-05,1.93343E+20,-6.47835E-08,3.39693E+15,5.1284348,1.46348E-09
0.08492,600,-1.04163092,100.15721,-6.67531E-05,2.00079E+20,-6.08379E-08,3.46606E+15,5.2116744,1.49526E-09
0.08542,600,-1.06693442,102.2678,-6.54847E-05,2.0696E+20,-5.71613E-08,3.53597E+15,5.297361,1.52677E-09
0.08592,600,-1.09276334,104.36061,-6.41526E-05,2.13969E+20,-5.37384E-08,3.60694E+15,5.3851694,1.55801E-09
0.08642,600,-1.11911328,106.43597,-6.27686E-05,2.21088E+20,-5.05544E-08,3.67926E+15,5.4748059,1.589E-09
0.08692,600,-1.14597988,108.49395,-6.13447E-05,2.28301E+20,-4.75939E-08,3.7532E+15,5.5660437,1.61972E-09
0.08742,600,-1.17335878,110.5342,-5.98928E-05,2.3559E+20,-4.48424E-08,3.82902E+15,5.6587436,1.65018E-09
0.08792,600,-1.20124544,112.55593,-5.84244E-05,2.4294E+20,-4.22853E-08,3.90694E+15,5.7528564,1.68036E-09
0.08842,600,-1.2296351,114.55799,-5.69507E-05,2.50337E+20,-3.99088E-08,3.98715E+15,5.8484081,1.71025E-09
0.08892,600,-1.25852269,116.53915,-5.54819E-05,2.57768E+20,-3.76996E-08,4.06982E+15,5.9454695,1.73983E-09
0.08942,600,-1.28790284,118.49833,-5.40276E-05,2.65222E+20,-3.56451E-08,4.15503E+15,6.044116,1.76908E-09
0.08992,600,-1.31776998,120.43501,-5.25965E-05,2.72689E+20,-3.37334E-08,4.24287E+15,6.1443847,1.79799E-09
0.09042,600,-1.3481185,122.34951,-5.11963E-05,2.80164E+20,-3.19534E-08,4.33335E+15,6.2462329,1.82657E-09
0.09092,600,-1.378943,124.24319,-4.98336E-05,2.87639E+20,-3.02944E-08,4.42643E+15,6.3495061,1.85484E-09
0.09142,600,-1.41023857,126.11863,-4.85144E-05,2.95114E+20,-2.87468E-08,4.52206E+15,6.4539177,1.88284E-09
0.09192,600,-1.44200111,127.97963,-4.72431E-05,3.02585E+20,-2.73014E-08,4.62012E+15,6.5590422,1.91063E-09
0.09242,600,-1.47422759,129.83108,-4.60235E-05,3.10053E+20,-2.59499E-08,4.72048E+15,6.6643231,1.93827E-09
0.09292,600,-1.50691633,131.67877,-4.48582E-05,3.17521E+20,-2.46845E-08,4.82296E+15,6.7690921,1.96585E-09
0.09342,600,-1.54006719,133.52909,-4.37489E-05,3.24989E+20,-2.34981E-08,4.92739E+15,6.8725979,1.99347E-09
0.09392,600,-1.57368165,135.38869,-4.26965E-05,3.32463E+20,-2.23841E-08,5.03359E+15,6.97404,2.02124E-09
0.09442,600,-1.60776285,137.26409,-4.1701E-05,3.39946E+20,-2.13366E-08,5.14138E+15,7.0726057,2.04924E-09
0.09492,600,-1.64231551,139.16132,-4.07617E-05,3.4744E+20,-2.03503E-08,5.2506E+15,7.167505,2.07756E-09
0.09542,600,-1.67734577,141.0856,-3.98776E-05,3.54951E+20,-1.94202E-08,5.36111E+15,7.2580023,2.10629E-09
0.09592,600,-1.71286091,143.04104,-3.9047E-05,3.62481E+20,-1.85421E-08,5.4728E+15,7.3434433,2.13548E-09
0.09642,600,-1.74886912,145.03043,-3.82682E-05,3.70031E+20,-1.77121E-08,5.58561E+15,7.4232742,2.16518E-09
0.09692,600,-1.78537907,147.05504,-3.75392E-05,3.77604E+20,-1.69267E-08,5.69951E+15,7.4970556,2.19541E-09
0.09742,600,-1.82239955,149.11457,-3.68582E-05,3.85201E+20,-1.61828E-08,5.81451E+15,7.5644687,2.22615E-09
0.09792,600,-1.8599391,151.20709,-3.62232E-05,3.92819E+20,-1.54778E-08,5.93067E+15,7.6253154,2.25739E-09
0.09842,600,-1.89800556,153.32908,-3.56325E-05,4.00461E+20,-1.48091E-08,6.04806E+15,7.6795138,2.28907E-09
0.09892,600,-1.93660569,155.47552,-3.50846E-05,4.08123E+20,-1.41746E-08,6.16677E+15,7.7270884,2.32112E-09
0.09942,600,-1.97574482,157.63995,-3.45779E-05,4.15805E+20,-1.35725E-08,6.28694E+15,7.768158,2.35343E-09
0.09992,600,-2.01542652,159.81469,-3.41111E-05,4.23507E+20,-1.30011E-08,6.40866E+15,7.8029218,2.3859E-09
0.10042,600,-2.05565229,161.99093,-3.36832E-05,4.31227E+20,-1.24588E-08,6.53206E+15,7.8316456,2.41839E-09
0.10092,600,-2.0964213,164.15893,-3.32928E-05,4.38967E+20,-1.19444E-08,6.65724E+15,7.8546499,2.45075E-09
0.10142,600,-2.13773019,166.3081,-3.2939E-05,4.46727E+20,-1.14566E-08,6.78428E+15,7.8723011,2.48284E-09
0.10192,600,-2.17957285,168.42719,-3.26205E-05,4.5451E+20,-1.09944E-08,6.91325E+15,7.885006,2.51447E-09
0.10242,600,-2.22194029,170.50432,-3.23364E-05,4.62319E+20,-1.05568E-08,7.04419E+15,7.8932117,2.54548E-09
0.10292,600,-2.26482048,172.52708,-3.20854E-05,4.70158E+20,-1.0143E-08,7.17712E+15,7.8974086,2.57568E-09
0.10342,600,-2.30819823,174.4826,-3.18664E-05,4.78034E+20,-9.75222E-09,7.31204E+15,7.8981356,2.60488E-09
0.10392,600,-2.35205507,176.35756,-3.16784E-05,4.85953E+20,-9.38371E-09,7.44893E+15,7.895987,2.63287E-09
0.10442,600,-2.39636916,178.13836,-3.15203E-05,4.93922E+20,-9.03682E-09,7.58776E+15,7.8916166,2.65945E-09
0.10492,600,-2.44111524,179.81113,-3.13911E-05,5.01949E+20,-8.71092E-09,7.72845E+15,7.8857388,2.68443E-09
0.10542,600,-2.48626457,181.362,-3.12901E-05,5.10044E+20,-8.40543E-09,7.87095E+15,7.8791226,2.70758E-09
0.10592,600,-2.53178494,182.77725,-3.12166E-05,5.18216E+20,-8.11974E-09,8.01514E+15,7.872579,2.72871E-09
0.10642,600,-2.57764079,184.04367,-3.11699E-05,5.26477E+20,-7.85328E-09,8.16092E+15,7.8669398,2.74761E-09
0.10692,600,-2.62379334,185.14883,-3.11496E-05,5.34837E+20,-7.60547E-09,8.30814E+15,7.8630289,2.76411E-09
0.10742,600,-2.67020083,186.08154,-3.11551E-05,5.43309E+20,-7.37569E-09,8.45663E+15,7.861629,2.77804E-09
0.10792,600,-2.71681893,186.83218,-3.11859E-05,5.51906E+20,-7.16331E-09,8.6062E+15,7.8634441,2.78924E-09
0.10842,600,-2.7636011,187.3931,-3.12413E-05,5.60641E+20,-6.96769E-09,8.75662E+15,7.8690645,2.79762E-09
0.10892,600,-2.81049921,187.75893,-3.13203E-05,5.69528E+20,-6.78815E-09,8.90766E+15,7.8789353,2.80308E-09
0.10942,600,-2.85746407,187.9268,-3.14217E-05,5.78578E+20,-6.62397E-09,9.05908E+15,7.8933341,2.80559E-09
0.10992,600,-2.90444609,187.89648,-3.15439E-05,5.87805E+20,-6.47442E-09,9.21061E+15,7.9123599,2.80513E-09
0.11042,600,-2.95139598,187.67034,-3.16847E-05,5.97221E+20,-6.33873E-09,9.36203E+15,7.9359357,2.80176E-09
0.11092,600,-2.99826534,187.25321,-3.18419E-05,6.06834E+20,-6.21611E-09,9.51311E+15,7.9638238,2.79553E-09
0.11142,600,-3.04500726,186.65219,-3.20126E-05,6.16653E+20,-6.10576E-09,9.66369E+15,7.9956535,2.78656E-09
0.11192,600,-3.09157685,185.87625,-3.21935E-05,6.26682E+20,-6.00688E-09,9.81366E+15,8.0309586,2.77497E-09
0.11242,600,-3.13793167,184.93582,-3.23812E-05,6.36924E+20,-5.91865E-09,9.96296E+15,8.0692201,2.76093E-09
0.11292,600,-3.18403202,183.84245,-3.25721E-05,6.47378E+20,-5.84025E-09,1.01116E+16,8.1099102,2.74461E-09
0.11342,600,-3.22984116,182.6083,-3.27626E-05,6.58039E+20,-5.7709E-09,1.02598E+16,8.1525331,2.72619E-09
0.11392,600,-3.27532548,181.24587,-3.2949E-05,6.68898E+20,-5.7098E-09,1.04076E+16,8.196659,2.70585E-09
0.11442,600,-3.32045446,179.76773,-3.31281E-05,6.79944E+20,-5.65618E-09,1.05555E+16,8.2419468,2.68378E-09
0.11492,600,-3.36520073,178.18629,-0.000033297,6.91163E+20,-5.60929E-09,1.07037E+16,8.2881551,2.66017E-09
0.11542,600,-3.40954002,176.51384,-3.34532E-05,7.02539E+20,-5.5684E-09,1.08526E+16,8.3351382,2.6352E-09
0.11592,600,-3.45345108,174.76252,-3.35948E-05,7.14053E+20,-5.5328E-09,1.10029E+16,8.38283,2.60905E-09
0.11642,600,-3.49691572,172.94453,-3.37206E-05,7.25687E+20,-5.50179E-09,1.11548E+16,8.4312154,2.58191E-09
0.11692,600,-3.53991883,171.07235,-3.383E-05,7.37422E+20,-5.4747E-09,1.13089E+16,8.4802935,2.55396E-09
0.11742,600,-3.58244846,169.15893,-3.3923E-05,7.49242E+20,-5.45088E-09,1.14657E+16,8.530036,2.5254E-09
0.11792,600,-3.624496,167.21802,-3.4E-05,7.61132E+20,-5.42967E-09,1.16254E+16,8.5803448,2.49642E-09
0.11842,600,-3.6660564,165.26434,-3.4062E-05,7.73081E+20,-5.41047E-09,1.17883E+16,8.6310152,2.46726E-09
0.11892,600,-3.70712842,163.3137,-3.41099E-05,7.8508E+20,-5.39267E-09,1.19546E+16,8.6817069,2.43813E-09
0.11942,600,-3.74771491,161.38303,-3.4145E-05,7.97128E+20,-5.37568E-09,1.21243E+16,8.731928,2.40931E-09
0.11992,600,-3.78782309,159.4903,-3.41681E-05,8.09224E+20,-5.35897E-09,1.22972E+16,8.7810333,2.38105E-09
0.12042,600,-3.82746478,157.65425,-3.418E-05,8.21374E+20,-5.34202E-09,1.24731E+16,8.8282372,2.35364E-09
0.12092,600,-3.86665654,155.89404,-3.4181E-05,8.33588E+20,-5.32435E-09,1.26517E+16,8.8726401,2.32736E-09
0.12142,600,-3.90541972,154.22885,-3.41708E-05,8.45877E+20,-5.30555E-09,1.28324E+16,8.9132659,2.3025E-09
0.12192,600,-3.94378044,152.67734,-3.41486E-05,8.58256E+20,-5.28526E-09,1.30148E+16,8.9491056,2.27934E-09
0.12242,600,-3.98176934,151.25714,-3.41131E-05,8.70742E+20,-5.26317E-09,1.31981E+16,8.9791644,2.25814E-09
0.12292,600,-4.0194213,149.98437,-3.40623E-05,8.83352E+20,-5.23904E-09,1.33818E+16,9.0025064,2.23914E-09
0.12342,600,-4.05677499,148.87313,-3.39941E-05,8.96101E+20,-5.21272E-09,1.35653E+16,9.0182957,2.22255E-09
0.12392,600,-4.09387231,147.93517,-3.39058E-05,9.09006E+20,-5.18411E-09,1.37479E+16,9.0258286,2.20855E-09
0.12442,600,-4.13075778,147.17955,-3.37948E-05,9.22078E+20,-5.15317E-09,1.39291E+16,9.0245586,2.19726E-09
0.12492,600,-4.16747781,146.61246,-3.36582E-05,9.35326E+20,-5.11992E-09,1.41085E+16,9.014111,2.1888E-09
0.12542,600,-4.20407999,146.23708,-3.34935E-05,9.48758E+20,-5.08447E-09,1.42856E+16,8.9942902,2.18319E-09
0.12592,600,-4.24061234,146.05355,-3.32983E-05,9.62373E+20,-5.04691E-09,1.44601E+16,8.9650796,2.18045E-09
0.12642,600,-4.27712253,146.05904,-3.30708E-05,9.7617E+20,-5.00743E-09,1.4632E+16,8.9266359,2.18054E-09
0.12692,600,-4.31365715,146.24779,-3.28096E-05,9.90142E+20,-4.96618E-09,1.48009E+16,8.8792796,2.18335E-09
0.12742,600,-4.350261,146.61128,-3.25138E-05,1.00428E+21,-4.92339E-09,1.4967E+16,8.8234841,2.18878E-09
0.12792,600,-4.38697643,147.13839,-3.21831E-05,1.01856E+21,-4.87924E-09,1.51304E+16,8.7598631,2.19665E-09
0.12842,600,-4.42384271,147.8156,-3.18182E-05,1.03298E+21,-4.83393E-09,1.52911E+16,8.6891595,2.20676E-09
0.12892,600,-4.46089543,148.62717,-3.14199E-05,1.0475E+21,-4.78765E-09,1.54493E+16,8.6122341,2.21888E-09
0.12942,600,-4.49816602,149.5554,-3.09899E-05,1.06212E+21,-4.74056E-09,1.56054E+16,8.5300558,2.23273E-09
0.12992,600,-4.53568124,150.58085,-3.05304E-05,1.07679E+21,-4.69281E-09,1.57594E+16,8.4436932,2.24804E-09
0.13042,600,-4.5734628,151.68256,-3.00442E-05,1.0915E+21,-4.64453E-09,1.59117E+16,8.3543044,2.26449E-09
0.13092,600,-4.61152703,152.8384,-2.95341E-05,1.10623E+21,-4.59579E-09,1.60624E+16,8.2631269,2.28175E-09
0.13142,600,-4.6498846,154.02533,-2.90035E-05,1.12094E+21,-4.54666E-09,1.62118E+16,8.1714631,2.29947E-09
0.13192,600,-4.68854032,155.21978,-2.84558E-05,1.13561E+21,-4.49718E-09,1.636E+16,8.0806627,2.3173E-09
0.13242,600,-4.72749314,156.39806,-2.78946E-05,1.15023E+21,-4.44733E-09,1.6507E+16,7.9920975,2.33489E-09
0.13292,600,-4.76673606,157.53684,-2.73233E-05,1.16476E+21,-4.3971E-09,1.66527E+16,7.9071306,2.35189E-09
0.13342,600,-4.80625639,158.61365,-2.6745E-05,1.1792E+21,-4.34645E-09,1.67973E+16,7.8270782,2.36797E-09
0.13392,600,-4.84603596,159.60743,-2.61628E-05,1.19352E+21,-4.29532E-09,1.69403E+16,7.7531655,2.3828E-09
0.13442,600,-4.88605159,160.49908,-2.55792E-05,1.20772E+21,-4.24362E-09,1.70817E+16,7.6864782,2.39611E-09
0.13492,600,-4.9262756,161.27204,-2.49963E-05,1.22177E+21,-4.19127E-09,1.72211E+16,7.6279142,2.40765E-09
0.13542,600,-4.96667658,161.91278,-2.44155E-05,1.23567E+21,-4.1382E-09,1.73581E+16,7.5781373,2.41722E-09
0.13592,600,-5.00722012,162.41115,-2.38377E-05,1.24941E+21,-4.08432E-09,1.74923E+16,7.5375391,2.42466E-09
0.13642,600,-5.04786975,162.76075,-2.32632E-05,1.26298E+21,-4.02956E-09,1.76233E+16,7.506212,2.42988E-09
0.13692,600,-5.08858787,162.95896,-2.26916E-05,1.27637E+21,-3.97388E-09,1.77506E+16,7.4839371,2.43284E-09
0.13742,600,-5.1293367,163.00699,-2.21219E-05,1.28957E+21,-3.91723E-09,1.78737E+16,7.4701889,2.43355E-09
0.13792,600,-5.17007923,162.90957,-2.15526E-05,1.30258E+21,-3.85961E-09,1.79922E+16,7.4641569,2.4321E-09
0.13842,600,-5.21078003,162.67466,-2.09815E-05,1.31538E+21,-3.80103E-09,1.81057E+16,7.4647835,2.42859E-09
0.13892,600,-5.25140599,162.31289,-2.04063E-05,1.32795E+21,-3.74154E-09,1.82138E+16,7.4708145,2.42319E-09
0.13942,600,-5.29192695,161.83695,-1.9824E-05,1.34029E+21,-3.68122E-09,1.83162E+16,7.480859,2.41609E-09
0.13992,600,-5.33231612,161.26096,-1.92318E-05,1.35238E+21,-3.62015E-09,1.84127E+16,7.4934542,2.40749E-09
0.14042,600,-5.37255033,160.59976,-1.86264E-05,1.36419E+21,-3.55847E-09,1.85032E+16,7.5071309,2.39762E-09
0.14092,600,-5.41261014,159.86825,-1.80047E-05,1.3757E+21,-3.49633E-09,1.85877E+16,7.5204755,2.3867E-09
0.14142,600,-5.4524798,159.08079,-1.73636E-05,1.38688E+21,-3.43388E-09,1.86661E+16,7.532186,2.37494E-09
0.14192,600,-5.49214698,158.25062,-1.67002E-05,1.3977E+21,-3.37132E-09,1.87386E+16,7.5411192,2.36255E-09
0.14242,600,-5.53160253,157.38948,-1.60119E-05,1.40814E+21,-3.30883E-09,1.88054E+16,7.546328,2.34969E-09
0.14292,600,-5.57083997,156.50722,-1.52965E-05,1.41815E+21,-3.24663E-09,1.88667E+16,7.5470881,2.33652E-09
0.14342,600,-5.60985503,155.61159,-1.45519E-05,1.42771E+21,-3.18492E-09,1.8923E+16,7.5429143,2.32315E-09
0.14392,600,-5.64864512,154.70812,-1.37769E-05,1.43676E+21,-3.12391E-09,1.89747E+16,7.5335658,2.30966E-09
0.14442,600,-5.68720872,153.80009,-1.29704E-05,1.44528E+21,-3.06381E-09,1.90224E+16,7.519042,2.2961E-09
0.14492,600,-5.72554488,152.88864,-1.2132E-05,1.45323E+21,-3.00484E-09,1.90665E+16,7.4995692,2.2825E-09
0.14542,600,-5.76365269,151.97292,-1.12621E-05,1.46056E+21,-2.94719E-09,1.91077E+16,7.4755786,2.26883E-09
0.14592,600,-5.80153078,151.0504,-1.03614E-05,1.46723E+21,-2.89104E-09,1.91468E+16,7.4476778,2.25505E-09
0.14642,600,-5.83917699,150.11711,-9.43156E-06,1.47321E+21,-2.83659E-09,1.91845E+16,7.4166164,2.24112E-09
0.14692,600,-5.87658803,149.16813,-8.47479E-06,1.47847E+21,-2.78399E-09,1.92215E+16,7.3832466,2.22695E-09
0.14742,600,-5.91375929,148.1979,-7.49405E-06,1.48295E+21,-2.73339E-09,1.92588E+16,7.3484818,2.21247E-09
0.14792,600,-5.95068474,147.20072,-6.49306E-06,1.48665E+21,-2.68493E-09,1.9297E+16,7.3132542,2.19758E-09
0.14842,600,-5.98735694,146.17111,-5.47622E-06,1.48953E+21,-2.63871E-09,1.9337E+16,7.2784729,2.18221E-09
0.14892,600,-6.02376719,145.10429,-4.44863E-06,1.49156E+21,-2.59484E-09,1.93794E+16,7.2449853,2.16628E-09
0.14942,600,-6.05990567,143.99644,-3.41599E-06,1.49275E+21,-2.55338E-09,1.94249E+16,7.2135433,2.14974E-09
0.14992,600,-6.09576178,142.84505,-2.38456E-06,1.49308E+21,-2.51438E-09,1.9474E+16,7.1847758,2.13255E-09
0.15042,600,-6.13132448,141.64912,-1.36105E-06,1.49256E+21,-2.47789E-09,1.95269E+16,7.1591691,2.1147E-09
0.15092,600,-6.16658268,140.40928,-3.52469E-07,1.49121E+21,-2.44391E-09,1.9584E+16,7.1370559,2.09619E-09
0.15142,600,-6.20152565,139.12784,6.33966E-07,1.48904E+21,-2.41244E-09,1.9645E+16,7.1186132,2.07706E-09
0.15192,600,-6.23614345,137.80874,1.59102E-06,1.48609E+21,-2.38346E-09,1.971E+16,7.1038694,2.05737E-09
0.15242,600,-6.27042733,136.45744,2.51156E-06,1.48241E+21,-2.35694E-09,1.97784E+16,7.0927185,2.03719E-09
0.15292,600,-6.30437005,135.08069,3.38873E-06,1.47804E+21,-2.33283E-09,1.98498E+16,7.084942,2.01664E-09
0.15342,600,-6.33796621,133.68635,4.21608E-06,1.47305E+21,-2.31108E-09,1.99235E+16,7.0802345,1.99582E-09
0.15392,600,-6.37121247,132.28302,4.98769E-06,1.4675E+21,-2.29164E-09,1.99986E+16,7.0782329,1.97487E-09
0.15442,600,-6.40410772,130.87981,5.69826E-06,1.46147E+21,-2.27443E-09,2.00744E+16,7.078546,1.95392E-09
0.15492,600,-6.43665317,129.48607,6.34317E-06,1.45503E+21,-2.2594E-09,2.01499E+16,7.0807828,1.93312E-09
0.15542,600,-6.46885232,128.11103,6.91858E-06,1.44825E+21,-2.2465E-09,2.02242E+16,7.0845773,1.91259E-09
0.15592,600,-6.50071099,126.76371,7.42137E-06,1.44122E+21,-2.23566E-09,2.02965E+16,7.0896078,1.89247E-09
0.15642,600,-6.5322372,125.45266,7.84921E-06,1.434E+21,-2.22682E-09,2.03659E+16,7.0956096,1.8729E-09
0.15692,600,-6.56344101,124.18589,8.20047E-06,1.42668E+21,-2.21995E-09,2.04317E+16,7.1023795,1.85399E-09
0.15742,600,-6.59433446,122.97086,8.47424E-06,1.41932E+21,-2.21499E-09,2.04934E+16,7.1097724,1.83585E-09
0.15792,600,-6.62493134,121.81451,8.67027E-06,1.41199E+21,-2.2119E-09,2.05502E+16,7.11769,1.81859E-09
0.15842,600,-6.65524714,120.72334,8.78894E-06,1.40475E+21,-2.21064E-09,2.06019E+16,7.1260631,1.8023E-09
0.15892,600,-6.68529895,119.70353,8.83121E-06,1.39767E+21,-2.21115E-09,2.0648E+16,7.1348295,1.78707E-09
0.15942,600,-6.71510536,118.76113,8.79863E-06,1.39078E+21,-2.21339E-09,2.06884E+16,7.1439099,1.773E-09
0.15992,600,-6.74468647,117.90214,8.69331E-06,1.38415E+21,-2.21732E-09,2.07228E+16,7.1531859,1.76018E-09
0.16042,600,-6.77406388,117.13262,8.51791E-06,1.37781E+21,-2.22287E-09,2.07513E+16,7.1624817,1.74869E-09
0.16092,600,-6.80326075,116.45873,8.27564E-06,1.37181E+21,-2.22998E-09,2.07737E+16,7.1715538,1.73863E-09
0.16142,600,-6.83230174,115.8867,7.97023E-06,1.36617E+21,-2.23858E-09,2.07902E+16,7.1800902,1.73009E-09
0.16192,600,-6.8612131,115.42267,7.60592E-06,1.36091E+21,-2.24859E-09,2.08009E+16,7.1877196,1.72316E-09
0.16242,600,-6.89002256,115.07249,7.18742E-06,1.35607E+21,-2.25992E-09,2.0806E+16,7.194031,1.71793E-09
0.16292,600,-6.91875928,114.84148,6.71987E-06,1.35166E+21,-2.27248E-09,2.08059E+16,7.198602,1.71448E-09
0.16342,600,-6.9474536,114.73406,6.20874E-06,1.34768E+21,-2.28616E-09,2.0801E+16,7.2010331,1.71288E-09
0.16392,600,-6.97613688,114.75347,5.65975E-06,1.34415E+21,-2.30086E-09,2.07916E+16,7.2009857,1.71317E-09
0.16442,600,-7.00484105,114.90139,5.07878E-06,1.34105E+21,-2.31645E-09,2.07782E+16,7.198219,1.71538E-09
0.16492,600,-7.03359828,115.17771,4.47176E-06,1.33839E+21,-2.33281E-09,2.07616E+16,7.1926235,1.7195E-09
0.16542,600,-7.06244044,115.5803,3.84451E-06,1.33615E+21,-2.34981E-09,2.07423E+16,7.1842468,1.72551E-09
0.16592,600,-7.0913986,116.10489,3.20268E-06,1.33433E+21,-2.3673E-09,2.07211E+16,7.1733108,1.73335E-09
0.16642,600,-7.12050253,116.74512,2.55161E-06,1.33289E+21,-2.38513E-09,2.06986E+16,7.1602164,1.7429E-09
0.16692,600,-7.14978011,117.49259,1.89624E-06,1.33182E+21,-2.40315E-09,2.06757E+16,7.145537,1.75406E-09
0.16742,600,-7.17925691,118.33712,1.24103E-06,1.3311E+21,-2.42118E-09,2.06532E+16,7.1299998,1.76667E-09
0.16792,600,-7.20895579,119.26709,5.89925E-07,1.3307E+21,-2.43906E-09,2.06317E+16,7.1144563,1.78056E-09
0.16842,600,-7.23889653,120.26983,-5.37205E-08,1.33061E+21,-2.45661E-09,2.0612E+16,7.0998448,1.79553E-09
0.16892,600,-7.26909566,121.33207,-6.87114E-07,1.33078E+21,-2.47362E-09,2.05947E+16,7.0871466,1.81138E-09
0.16942,600,-7.29956641,122.44048,-1.30803E-06,1.33122E+21,-2.48991E-09,2.05806E+16,7.0773404,1.82793E-09
0.16992,600,-7.33031867,123.5821,-1.91475E-06,1.33188E+21,-2.50527E-09,2.05701E+16,7.0713579,1.84497E-09
0.17042,600,-7.36135921,124.7448,-2.50604E-06,1.33276E+21,-2.5195E-09,2.05637E+16,7.0700426,1.86233E-09
0.17092,600,-7.39269191,125.91769,-3.08106E-06,1.33384E+21,-2.53238E-09,2.05617E+16,7.0741167,1.87984E-09
0.17142,600,-7.42431812,127.09139,-3.63929E-06,1.3351E+21,-2.54372E-09,2.05644E+16,7.0841542,1.89737E-09
0.17192,600,-7.45623704,128.2583,-4.18044E-06,1.33654E+21,-2.55331E-09,2.05721E+16,7.1005646,1.91479E-09
0.17242,600,-7.48844622,129.41269,-4.7044E-06,1.33815E+21,-2.56096E-09,2.05846E+16,7.1235827,1.93202E-09
0.17292,600,-7.52094202,130.55084,-5.21117E-06,1.33993E+21,-2.56648E-09,2.06021E+16,7.1532663,1.94901E-09
0.17342,600,-7.55372013,131.67099,-5.70079E-06,1.34188E+21,-2.56971E-09,2.06246E+16,7.1894985,1.96574E-09
0.17392,600,-7.58677603,132.77333,-6.17331E-06,1.344E+21,-2.5705E-09,2.06517E+16,7.2319938,1.98219E-09
0.17442,600,-7.62010548,133.8599,-6.62878E-06,1.34628E+21,-2.56873E-09,2.06836E+16,7.2803051,1.99841E-09
0.17492,600,-7.65370498,134.93452,-7.0672E-06,1.34874E+21,-2.56431E-09,2.07198E+16,7.333831,2.01446E-09
0.17542,600,-7.68757219,136.00264,-7.48858E-06,1.35139E+21,-2.55716E-09,2.07603E+16,7.3918233,2.0304E-09
0.17592,600,-7.72170634,137.07123,-7.89288E-06,1.35422E+21,-2.54725E-09,2.08047E+16,7.4533926,2.04636E-09
0.17642,600,-7.75610854,138.1486,-8.2801E-06,1.35724E+21,-2.53458E-09,2.0853E+16,7.5175132,2.06244E-09
0.17692,600,-7.79078216,139.24427,-8.65026E-06,1.36047E+21,-2.51917E-09,2.09049E+16,7.5830281,2.0788E-09
0.17742,600,-7.82573307,140.36875,-9.00342E-06,1.3639E+21,-2.50109E-09,2.09603E+16,7.6486552,2.09559E-09
0.17792,600,-7.86096988,141.53336,-9.33974E-06,1.36754E+21,-2.48042E-09,2.10189E+16,7.7129943,2.11297E-09
0.17842,600,-7.89650408,142.74991,-9.65944E-06,1.3714E+21,-2.45728E-09,2.10806E+16,7.7745398,2.13113E-09
0.17892,600,-7.93235016,144.0304,-9.96288E-06,1.37549E+21,-2.4318E-09,2.11454E+16,7.8316981,2.15025E-09
