-0.17108,300,7.49276886,149.78905,3.21195e-06,9.662220000000001e+20,3.15577e-09,7422680000000000,4.2932529,2.23622e-09
-0.17058,300,7.45498474,152.53744,2.61498e-06,9.6372e+20,3.23306e-09,7384780000000000,4.336202,2.27725e-09
-0.17008,300,7.41646975,155.64968,2.05185e-06,9.62051e+20,3.30509e-09,7346240000000000,4.3723475,2.32372e-09
-0.16958,300,7.37712393,159.19194,1.54291e-06,9.611859999999999e+20,3.37213e-09,7306390000000000,4.395253,2.3766e-09
-0.16908,300,7.33683599,163.18561,1.11017e-06,9.61056e+20,3.43465e-09,7264970000000000,4.4003242,2.43622e-09
-0.16858,300,7.29549648,167.59278,7.75152e-07,9.61553e+20,3.49332e-09,7222140000000000,4.3855316,2.50202e-09
-0.16808,300,7.25301357,172.3102,5.564e-07,9.62528e+20,3.54902e-09,7178520000000000,4.3517523,2.57244e-09
-0.16758,300,7.2093292,177.17209,4.67047e-07,9.63801e+20,3.60281e-09,7135140000000000,4.3027455,2.64503e-09
-0.16708,300,7.16443355,181.96061,5.12812e-07,9.65173e+20,3.65588e-09,7093280000000000,4.2448267,2.71652e-09
-0.16658,300,7.11837604,186.42304,6.90674e-07,9.66439e+20,3.70947e-09,7054380000000000,4.1862924,2.78314e-09
-0.16608,300,7.07127128,190.29504,9.884440000000001e-07,9.67407e+20,3.76484e-09,7019770000000000,4.1365776,2.84094e-09
-0.16558,300,7.02329843,193.32972,1.38531e-06,9.67917e+20,3.82308e-09,6990550000000000,4.1050923,2.88625e-09
-0.16508,300,6.97469277,195.33092,1.85336e-06,9.67853e+20,3.88508e-09,6967360000000000,4.0997519,2.91612e-09
-0.16458,300,6.92572881,196.18577,2.36e-06,9.67153e+20,3.9514e-09,6950290000000000,4.1254047,2.92889e-09
-0.16408,300,6.87669618,195.88898,2.87114e-06,9.65815e+20,4.02221e-09,6938830000000000,4.1825657,2.92445e-09
-0.16358,300,6.82787141,194.55047,3.35478e-06,9.63895e+20,4.09724e-09,6931870000000000,4.2669253,2.90447e-09
-0.16308,300,6.77949032,192.38184,3.78459e-06,9.61492e+20,4.17582e-09,6927850000000000,4.3699148,2.8721e-09
-0.16258,300,6.73172636,189.66361,4.14282e-06,9.58737e+20,4.25695e-09,6924950000000000,4.4802391,2.83152e-09
-0.16208,300,6.6846788,186.70125,4.42205e-06,9.55771e+20,4.3394e-09,6921350000000000,4.5859524,2.78729e-09
-0.16158,300,6.6383721,183.7806,4.62543e-06,9.52724e+20,4.42195e-09,6915430000000000,4.6765061,2.74369e-09
-0.16108,300,6.5927656,181.13218,4.76524e-06,9.49699e+20,4.5035e-09,6906000000000000,4.7442877,2.70415e-09
-0.16058,300,6.54777026,178.91001,4.86032e-06,9.46763e+20,4.58324e-09,6892440000000000,4.7853925,2.67097e-09
-0.16008,300,6.50326884,177.18643,4.93252e-06,9.439379999999999e+20,4.6608e-09,6874660000000000,4.7995974,2.64524e-09
-0.15958,300,6.45913539,175.96086,5.00317e-06,9.41208e+20,4.73625e-09,6853110000000000,4.789673,2.62694e-09
-0.15908,300,6.41525138,175.17855,5.08976e-06,9.38524e+20,4.81008e-09,6828600000000000,4.760268,2.61527e-09
-0.15858,300,6.3715163,174.7538,5.20376e-06,9.35821e+20,4.8831e-09,6802150000000000,4.7166461,2.60892e-09
-0.15808,300,6.32785259,174.59213,5.34951e-06,9.33025e+20,4.95628e-09,6774810000000000,4.6635583,2.60651e-09
-0.15758,300,6.28420561,174.60651,5.5245e-06,9.30073e+20,5.0306e-09,6747460000000000,4.6044979,2.60673e-09
-0.15708,300,6.24054074,174.72436,5.72093e-06,9.269180000000001e+20,5.10693e-09,6720690000000000,4.5415008,2.60849e-09
-0.15658,300,6.19683987,174.88502,5.92798e-06,9.23536e+20,5.18592e-09,6694780000000000,4.475503,2.61088e-09
-0.15608,300,6.15309948,175.03037,6.13443e-06,9.19927e+20,5.268e-09,6669680000000000,4.4070878,2.61305e-09
-0.15558,300,6.10933143,175.09424,6.33074e-06,9.16108e+20,5.35343e-09,6645140000000000,4.3373016,2.61401e-09
-0.15508,300,6.06556578,174.99669,6.51025e-06,9.12105e+20,5.44232e-09,6620810000000000,4.2681684,2.61255e-09
-0.15458,300,6.02185405,174.64769,6.66911e-06,9.07944e+20,5.53469e-09,6596450000000000,4.202636,2.60734e-09
-0.15408,300,5.97827018,173.96057,6.80538e-06,9.036460000000001e+20,5.63054e-09,6571930000000000,4.1439179,2.59708e-09
-0.15358,300,5.93490742,172.8709,6.91771e-06,8.99228e+20,5.72977e-09,6547290000000000,4.0944699,2.58081e-09
-0.15308,300,5.89187051,171.35347,7.00434e-06,8.94705e+20,5.83223e-09,6522600000000000,4.0550361,2.55816e-09
-0.15258,300,5.84926466,169.42976,7.06291e-06,8.90092e+20,5.93758e-09,6497960000000000,4.0242057,2.52944e-09
-0.15208,300,5.80718437,167.16198,7.09102e-06,8.85415e+20,6.04526e-09,6473320000000000,3.998721,2.49559e-09
-0.15158,300,5.76570523,164.63554,7.08742e-06,8.80709e+20,6.15449e-09,6448490000000000,3.9744321,2.45787e-09
-0.15108,300,5.7248809,161.93683,7.05329e-06,8.760140000000001e+20,6.26429e-09,6423120000000000,3.9475012,2.41758e-09
-0.15058,300,5.68474535,159.13468,6.99317e-06,8.71377e+20,6.37354e-09,6396780000000000,3.9153611,2.37574e-09
-0.15008,300,5.64531857,156.27155,6.91517e-06,8.66841e+20,6.48106e-09,6369020000000000,3.877097,2.333e-09
-0.14958,300,5.60661314,153.36519,6.83037e-06,8.62435e+20,6.58576e-09,6339520000000000,3.8332303,2.28961e-09
-0.14908,300,5.56863943,150.41716,6.75145e-06,8.58176e+20,6.68671e-09,6308110000000000,3.7851415,2.2456e-09
-0.14858,300,5.53140842,147.4229,6.69091e-06,8.54061e+20,6.78315e-09,6274840000000000,3.7344538,2.2009e-09
-0.14808,300,5.49493209,144.37953,6.65935e-06,8.50068e+20,6.87459e-09,6239970000000000,3.6826005,2.15546e-09
-0.14758,300,5.45922252,141.28995,6.66405e-06,8.461619999999999e+20,6.96071e-09,6203890000000000,3.6306283,2.10934e-09
-0.14708,300,5.42429017,138.16398,6.70838e-06,8.42303e+20,7.04134e-09,6167050000000000,3.5791772,2.06267e-09
-0.14658,300,5.39014223,135.0178,6.79195e-06,8.384460000000001e+20,7.11635e-09,6129850000000000,3.5285388,2.0157e-09
-0.14608,300,5.35678119,131.87266,6.91144e-06,8.345539999999999e+20,7.18569e-09,6092590000000000,3.4787356,1.96875e-09
-0.14558,300,5.32420376,128.75329,7.06184e-06,8.30597e+20,7.24926e-09,6055430000000000,3.4296034,1.92218e-09
-0.14508,300,5.29240022,125.68586,7.23772e-06,8.26553e+20,7.307e-09,6018410000000000,3.3808828,1.87638e-09
-0.14458,300,5.26135437,122.69575,7.43405e-06,8.22403e+20,7.35887e-09,5981510000000000,3.3323268,1.83174e-09
-0.14408,300,5.23104403,119.80526,7.64649e-06,8.18133e+20,7.4049e-09,5944740000000000,3.2838064,1.78859e-09
-0.14358,300,5.20144195,117.03208,7.871089999999999e-06,8.13724e+20,7.44522e-09,5908160000000000,3.235384,1.74719e-09
-0.14308,300,5.17251714,114.38887,8.103710000000001e-06,8.0916e+20,7.48002e-09,5871890000000000,3.187322,1.70773e-09
-0.14258,300,5.14423598,111.8841,8.339459999999999e-06,8.04425e+20,7.509579999999999e-09,5836100000000000,3.1400205,1.67033e-09
-0.14208,300,5.11656305,109.52385,8.572569999999999e-06,7.99509e+20,7.53426e-09,5800920000000000,3.0939081,1.6351e-09
-0.14158,300,5.08946156,107.31354,8.79673e-06,7.94413e+20,7.55449e-09,5766380000000000,3.0493351,1.6021e-09
-0.14108,300,5.06289329,105.25908,9.00591e-06,7.891500000000001e+20,7.57077e-09,5732360000000000,3.0065092,1.57143e-09
-0.14058,300,5.0368185,103.36687,9.195289999999999e-06,7.837459999999999e+20,7.583690000000001e-09,5698590000000000,2.9654952,1.54318e-09
-0.14008,300,5.01119582,101.64308,9.36199e-06,7.78236e+20,7.59397e-09,5664670000000000,2.9262634,1.51744e-09
-0.13958,300,4.98598252,100.09246,9.50563e-06,7.72661e+20,7.60238e-09,5630120000000000,2.8887587,1.49429e-09
-0.13908,300,4.96113496,98.717327,9.628520000000001e-06,7.670620000000001e+20,7.609769999999999e-09,5594480000000000,2.8529611,1.47377e-09
-0.13858,300,4.93660929,97.516929,9.735609999999999e-06,7.61477e+20,7.61701e-09,5557290000000000,2.8189228,1.45584e-09
-0.13808,300,4.91236225,96.487358,9.834310000000001e-06,7.55933e+20,7.625e-09,5518190000000000,2.7867778,1.44047e-09
-0.13758,300,4.88835193,95.62186699999999,9.933989999999999e-06,7.50449e+20,7.63462e-09,5476930000000000,2.7567309,1.42755e-09
-0.13708,300,4.86453838,94.911564,1.00453e-05,7.45028e+20,7.64675e-09,5433380000000000,2.7290296,1.41695e-09
-0.13658,300,4.84088406,94.346323,1.01796e-05,7.396620000000001e+20,7.662289999999999e-09,5387510000000000,2.7039251,1.40851e-09
-0.13608,300,4.81735399,93.915785,1.03475e-05,7.343340000000001e+20,7.682099999999999e-09,5339390000000000,2.6816302,1.40208e-09
-0.13558,300,4.79391575,93.61026099999999,1.05589e-05,7.29013e+20,7.707010000000001e-09,5289130000000000,2.6622813,1.39752e-09
-0.13508,300,4.77053915,93.421323,1.08221e-05,7.23665e+20,7.73782e-09,5236890000000000,2.645917,1.3947e-09
-0.13458,300,4.74719596,93.34195800000001,1.11436e-05,7.18247e+20,7.775230000000001e-09,5182840000000000,2.6324794,1.39352e-09
-0.13408,300,4.72385954,93.366204,1.15286e-05,7.12711e+20,7.819919999999999e-09,5127230000000000,2.621844,1.39388e-09
-0.13358,300,4.70050469,93.488398,1.19801e-05,7.070019999999999e+20,7.87248e-09,5070410000000000,2.6138714,1.3957e-09
-0.13308,300,4.6771077,93.702269,1.24984e-05,7.010540000000001e+20,7.933519999999999e-09,5012900000000000,2.6084684,1.39889e-09
-0.13258,300,4.65364655,94.000219,1.30802e-05,6.94797e+20,8.00356e-09,4955390000000000,2.6056394,1.40334e-09
-0.13208,300,4.63010134,94.37307300000001,1.37169e-05,6.88155e+20,8.083069999999999e-09,4898730000000000,2.6055119,1.40891e-09
-0.13158,300,4.60645464,94.81043699999999,1.43929e-05,6.81064e+20,8.17229e-09,4843790000000000,2.6083299,1.41544e-09
-0.13108,300,4.58269165,95.301554,1.50864e-05,6.73481e+20,8.27116e-09,4791240000000000,2.6144195,1.42277e-09
-0.13058,300,4.55880022,95.83641900000001,1.57698e-05,6.65393e+20,8.379090000000001e-09,4741450000000000,2.6241427,1.43076e-09
-0.13008,300,4.53477048,96.406834,1.64133e-05,6.56831e+20,8.49495e-09,4694330000000000,2.6378551,1.43927e-09
-0.12958,300,4.51059431,97.007209,1.69885e-05,6.47859e+20,8.61701e-09,4649340000000000,2.6558788,1.44823e-09
-0.12908,300,4.4862646,97.63503300000001,1.74716e-05,6.385740000000001e+20,8.74304e-09,4605670000000000,2.6784933,1.45761e-09
-0.12858,300,4.46177445,98.291068,1.78463e-05,6.290819999999999e+20,8.87049e-09,4562410000000000,2.7059381,1.4674e-09
-0.12808,300,4.43711639,98.979338,1.81041e-05,6.19493e+20,8.996599999999999e-09,4518780000000000,2.7384229,1.47768e-09
-0.12758,300,4.41228151,99.706993,1.82436e-05,6.099e+20,9.11859e-09,4474220000000000,2.7761415,1.48854e-09
-0.12708,300,4.38725878,100.48411,1.82692e-05,6.00381e+20,9.23371e-09,4428480000000000,2.8192843,1.50014e-09
-0.12658,300,4.36203427,101.32352,1.81886e-05,5.90996e+20,9.33927e-09,4381550000000000,2.8680462,1.51267e-09
-0.12608,300,4.33659054,102.24079,1.80122e-05,5.81791e+20,9.43265e-09,4333600000000000,2.9226221,1.52637e-09
-0.12558,300,4.31090586,103.25437,1.77519e-05,5.72801e+20,9.511329999999999e-09,4284860000000000,2.9831841,1.5415e-09
-0.12508,300,4.28495352,104.38607,1.74208e-05,5.64055e+20,9.57292e-09,4235560000000000,3.04984,1.55839e-09
-0.12458,300,4.25870087,105.66143,1.70333e-05,5.55579e+20,9.61529e-09,4185940000000000,3.1225819,1.57743e-09
-0.12408,300,4.23210836,107.11018,1.66043e-05,5.47391e+20,9.63662e-09,4136190000000000,3.2012312,1.59906e-09
-0.12358,300,4.20512851,108.76629,1.61481e-05,5.39505e+20,9.63556e-09,4086520000000000,3.2853864,1.62379e-09
-0.12308,300,4.17770477,110.66788,1.56765e-05,5.31928e+20,9.611160000000001e-09,4037190000000000,3.3743746,1.65218e-09
-0.12258,300,4.14977063,112.8568,1.51971e-05,5.24662e+20,9.56285e-09,3988450000000000,3.4672053,1.68486e-09
-0.12208,300,4.1212487,115.37781,1.47125e-05,5.17704e+20,9.49023e-09,3940560000000000,3.5625279,1.72249e-09
-0.12158,300,4.09205017,118.27745,1.42201e-05,5.11051e+20,9.39291e-09,3893710000000000,3.6585958,1.76578e-09
-0.12108,300,4.06207453,121.60242,1.37137e-05,5.04702e+20,9.270309999999999e-09,3848030000000000,3.7532403,1.81542e-09
-0.12058,300,4.03120978,125.39742,1.31855e-05,4.98661e+20,9.12164e-09,3803470000000000,3.8438578,1.87208e-09
-0.12008,300,3.99933331,129.70228,1.26286e-05,4.92935e+20,8.945910000000001e-09,3759900000000000,3.9274262,1.93634e-09
-0.11958,300,3.96631353,134.54802,1.204e-05,4.87534e+20,8.74213e-09,3717050000000000,4.0005803,2.00869e-09
-0.11908,300,3.93201278,139.95125,1.14219e-05,4.82469e+20,8.509510000000001e-09,3674580000000000,4.0597856,2.08935e-09
-0.11858,300,3.89629177,145.90704,1.07829e-05,4.77745e+20,8.24775e-09,3632150000000000,4.1016314,2.17827e-09
-0.11808,300,3.859016,152.38071,1.01384e-05,4.73358e+20,7.95727e-09,3589470000000000,4.1232237,2.27491e-09
-0.11758,300,3.82006415,159.30013,9.50934e-06,4.69292e+20,7.6394e-09,3546360000000000,4.1226032,2.37821e-09
-0.11708,300,3.77933823,166.5505,8.92081e-06,4.65518e+20,7.29647e-09,3502760000000000,4.0990903,2.48646e-09
-0.11658,300,3.73677445,173.97292,8.39946e-06,4.61992e+20,6.93178e-09,3458750000000000,4.0534813,2.59727e-09
-0.11608,300,3.69235403,181.36704,7.971150000000001e-06,4.5866e+20,6.54944e-09,3414510000000000,3.9880897,2.70765e-09
-0.11558,300,3.64611286,188.49703,7.65836e-06,4.55458e+20,6.1541e-09,3370350000000000,3.9066896,2.8141e-09
-0.11508,300,3.5981494,195.09972,7.47788e-06,4.52315e+20,5.75057e-09,3326600000000000,3.8144329,2.91267e-09
-0.11458,300,3.54863031,200.89448,7.43879e-06,4.49158e+20,5.34351e-09,3283710000000000,3.7177485,2.99918e-09
-0.11408,300,3.49779329,205.5961,7.54095e-06,4.45912e+20,4.93694e-09,3242140000000000,3.6241352,3.06937e-09
-0.11358,300,3.44594614,208.93245,7.7745e-06,4.42507e+20,4.53409e-09,3202400000000000,3.5416882,3.11918e-09
-0.11308,300,3.39346065,210.668,8.120370000000001e-06,4.3888e+20,4.13716e-09,3164960000000000,3.4782463,3.14509e-09
-0.11258,300,3.34076009,210.63119,8.55209e-06,4.34986e+20,3.74737e-09,3130210000000000,3.4402119,3.14454e-09
-0.11208,300,3.28829985,208.74048,9.0384e-06,4.30797e+20,3.36518e-09,3098360000000000,3.4313127,3.11632e-09
-0.11158,300,3.2365425,205.02162,9.546280000000001e-06,4.2631e+20,2.99053e-09,3069430000000000,3.4517087,3.0608e-09
-0.11108,300,3.18593035,199.61023,1.00435e-05,4.21542e+20,2.62319e-09,3043250000000000,3.4977962,2.98001e-09
-0.11058,300,3.13685935,192.73767,1.05006e-05,4.16532e+20,2.26304e-09,3019500000000000,3.5628222,2.87741e-09
-0.11008,300,3.08965839,184.70383,1.08916e-05,4.11334e+20,1.91025e-09,2997800000000000,3.6381131,2.75747e-09
-0.10958,300,3.04457624,175.84443,1.11938e-05,4.06009e+20,1.56551e-09,2977720000000000,3.7145043,2.62521e-09
-0.10908,300,3.00177651,166.50029,1.13884e-05,4.00625e+20,1.23003e-09,2958880000000000,3.7835519,2.48571e-09
-0.10858,300,2.96133953,156.99373,1.146e-05,3.95251e+20,9.05647e-10,2940930000000000,3.8382943,2.34378e-09
-0.10808,300,2.92326906,147.61268,1.13977e-05,3.8996e+20,5.9483e-10,2923520000000000,3.8735826,2.20373e-09
-0.10758,300,2.88750229,138.60071,1.11969e-05,3.84822e+20,3.00629e-10,2906320000000000,3.8861513,2.06919e-09
-0.10708,300,2.85392174,130.15052,1.08606e-05,3.79904e+20,2.65612e-11,2889000000000000,3.8746015,1.94304e-09
-0.10658,300,2.82236856,122.40011,1.04002e-05,3.75269e+20,-2.23638e-10,2871240000000000,3.8393654,1.82733e-09
-0.10608,300,2.79265634,115.43208,9.83464e-06,3.7097e+20,-4.46348e-10,2852810000000000,3.7826158,1.7233e-09
-0.10558,300,2.76458467,109.27676,9.18849e-06,3.67048e+20,-6.38459e-10,2833540000000000,3.7080609,1.63141e-09
-0.10508,300,2.73795136,103.91953,8.488849999999999e-06,3.63527e+20,-7.9772e-10,2813400000000000,3.620602,1.55143e-09
-0.10458,300,2.71256244,99.311105,7.76203e-06,3.60418e+20,-9.22977e-10,2792480000000000,3.5258898,1.48263e-09
-0.10408,300,2.68823935,95.37979300000001,7.03097e-06,3.57713e+20,-1.01423e-09,2770990000000000,3.4298357,1.42394e-09
-0.10358,300,2.66482292,92.04414800000001,6.31373e-06,3.55392e+20,-1.07254e-09,2749220000000000,3.3381285,1.37414e-09
-0.10308,300,2.64217426,89.225106,5.62333e-06,3.53425e+20,-1.09971e-09,2727530000000000,3.2557889,1.33205e-09
-0.10258,300,2.6201729,86.85633900000001,4.96869e-06,3.51775e+20,-1.09796e-09,2706280000000000,3.1868055,1.29669e-09
-0.10208,300,2.59871249,84.891598,4.35594e-06,3.504e+20,-1.06955e-09,2685830000000000,3.1339066,1.26736e-09
-0.10158,300,2.5776954,83.308055,3.7896e-06,3.49255e+20,-1.0164e-09,2666520000000000,3.098518,1.24372e-09
-0.10108,300,2.55702676,82.10559000000001,3.27287e-06,3.48298e+20,-9.39918e-10,2648660000000000,3.0809035,1.22577e-09
-0.10058,300,2.5366093,81.303184,2.80723e-06,3.47486e+20,-8.40902e-10,2632520000000000,3.0804201,1.21379e-09
-0.10008,300,2.51633907,80.93430600000001,2.39142e-06,3.46781e+20,-7.19662e-10,2618360000000000,3.0957762,1.20828e-09
-0.09958,300,2.49610237,81.043047,2.02079e-06,3.46152e+20,-5.762259999999999e-10,2606340000000000,3.1251921,1.2099e-09
-0.09908,300,2.47577339,81.681945,1.68718e-06,3.45577e+20,-4.10597e-10,2596550000000000,3.1664124,1.21944e-09
-0.09858,300,2.45521221,82.91139,1.37965e-06,3.45043e+20,-2.22968e-10,2588930000000000,3.2165811,1.2378e-09
-0.09808,300,2.43426281,84.79971,1.08572e-06,3.44551e+20,-1.38256e-11,2583310000000000,3.2720331,1.26599e-09
-0.09758,300,2.41275116,87.42251899999999,7.92729e-07,3.44112e+20,2.16079e-10,2579390000000000,3.3280864,1.30514e-09
-0.09708,300,2.39048369,90.85955199999999,4.89358e-07,3.43746e+20,4.65846e-10,2576750000000000,3.3789407,1.35646e-09
-0.09658,300,2.36724713,95.187072,1.67193e-07,3.43481e+20,7.34588e-10,2574860000000000,3.4178077,1.42106e-09
-0.09608,300,2.34281092,100.46418,-1.77449e-07,3.43352e+20,1.02155e-09,2573100000000000,3.4374027,1.49984e-09
-0.09558,300,2.31693393,106.71247,-5.41621e-07,3.43394e+20,1.32618e-09,2570750000000000,3.4308759,1.59313e-09
-0.09508,300,2.28937696,113.89049,-9.14192e-07,3.43639e+20,1.64809e-09,2567090000000000,3.3931567,1.70029e-09
-0.09458,300,2.25992177,121.86779,-1.27525e-06,3.44112e+20,1.98702e-09,2561410000000000,3.3225014,1.81938e-09
-0.09408,300,2.22839603,130.40565,-1.59699e-06,3.44818e+20,2.34283e-09,2553160000000000,3.2218604,1.94684e-09
-0.09358,300,2.19470119,139.15345,-1.8464e-06,3.45743e+20,2.71553e-09,2542020000000000,3.0995666,2.07744e-09
-0.09308,300,2.15883861,147.66786,-1.98933e-06,3.46843e+20,3.10545e-09,2527950000000000,2.9688855,2.20455e-09
-0.09258,300,2.12092771,155.45738,-1.99548e-06,3.48048e+20,3.51345e-09,2511250000000000,2.8462123,2.32085e-09
-0.09208,300,2.08121017,162.04687,-1.84299e-06,3.49262e+20,3.94116e-09,2492520000000000,2.7481206,2.41922e-09
-0.09157999999999999,300,2.040037,167.04857,-1.52163e-06,3.50378e+20,4.39107e-09,2472520000000000,2.6879561,2.49389e-09
-0.09107999999999999,300,1.99783886,170.22064,-1.03372e-06,3.51283e+20,4.86661e-09,2452040000000000,2.6729984,2.54125e-09
-0.09057999999999999,300,1.95508518,171.49651,-3.92618e-07,3.51873e+20,5.37192e-09,2431780000000000,2.7031325,2.5603e-09
-0.09007999999999999,300,1.91224054,170.97749,3.80533e-07,3.52065e+20,5.9117e-09,2412170000000000,2.7714269,2.55255e-09
-0.08958000000000001,300,1.86972698,168.89441,1.26064e-06,3.51796e+20,6.49084e-09,2393400000000000,2.8662725,2.52145e-09
-0.08908000000000001,300,1.82789823,165.55332,2.22184e-06,3.51027e+20,7.11421e-09,2375430000000000,2.9742036,2.47157e-09
-0.08858000000000001,300,1.78702777,161.28209,3.23949e-06,3.49736e+20,7.786409999999999e-09,2358090000000000,3.0824618,2.4078e-09
-0.08808000000000001,300,1.74730882,156.38967,4.29071e-06,3.47916e+20,8.51162e-09,2341170000000000,3.1807069,2.33476e-09
-0.08758000000000001,300,1.70886239,151.14199,5.35426e-06,3.45566e+20,9.293389999999999e-09,2324520000000000,3.2617413,2.25642e-09
-0.08708,300,1.67174948,145.7527,6.41013e-06,3.42693e+20,1.01346e-08,2308020000000000,3.3214549,2.17596e-09
-0.08658,300,1.63598422,140.38378,7.43946e-06,3.3931e+20,1.1037e-08,2291650000000000,3.3583226,2.09581e-09
-0.08608,300,1.6015461,135.15146,8.42484e-06,3.35439e+20,1.20015e-08,2275380000000000,3.3727495,2.0177e-09
-0.08558,300,1.5683905,130.13396,9.350880000000001e-06,3.31112e+20,1.30277e-08,2259200000000000,3.3664421,1.94279e-09
-0.08508,300,1.53645715,125.37935,1.02047e-05,3.2637e+20,1.41141e-08,2243020000000000,3.341883,1.87181e-09
-0.08458,300,1.50567678,120.91282,1.09764e-05,3.21268e+20,1.52584e-08,2226710000000000,3.3019198,1.80512e-09
-0.08408,300,1.47597599,116.74297,1.16587e-05,3.15868e+20,1.64573e-08,2210030000000000,3.249452,1.74287e-09
-0.08358,300,1.44728076,112.86722,1.22474e-05,3.10242e+20,1.77076e-08,2192730000000000,3.1872049,1.68501e-09
-0.08308,300,1.41951866,109.27592,1.27404e-05,3.04465e+20,1.90057e-08,2174490000000000,3.1175809,1.6314e-09
-0.08258,300,1.39262025,105.9552,1.31386e-05,2.98611e+20,2.03482e-08,2155020000000000,3.0425945,1.58182e-09
-0.08208,300,1.3665199,102.88832,1.34453e-05,2.92752e+20,2.17319e-08,2134090000000000,2.9638882,1.53603e-09
-0.08158,300,1.34115655,100.05577,1.36665e-05,2.86952e+20,2.3154e-08,2111510000000000,2.8828201,1.49375e-09
-0.08108,300,1.31647439,97.43464899999999,1.38111e-05,2.81264e+20,2.46122e-08,2087210000000000,2.8005904,1.45462e-09
-0.08058,300,1.29242384,94.998025,1.38904e-05,2.75729e+20,2.61048e-08,2061190000000000,2.7183627,1.41824e-09
-0.08008,300,1.26896255,92.715187,1.3917e-05,2.70378e+20,2.7631e-08,2033600000000000,2.6373352,1.38416e-09
-0.07958,300,1.24605618,90.553107,1.39043e-05,2.65227e+20,2.91906e-08,2004630000000000,2.5587321,1.35188e-09
-0.07908,300,1.22367867,88.479136,1.38653e-05,2.60284e+20,3.07845e-08,1974590000000000,2.4837195,1.32092e-09
-0.07858,300,1.2018117,86.46433,1.38108e-05,2.55544e+20,3.24143e-08,1943800000000000,2.4132747,1.29084e-09
-0.07808,300,1.18044344,84.48656800000001,1.37491e-05,2.50999e+20,3.40824e-08,1912640000000000,2.3480575,1.26131e-09
-0.07758,300,1.15956646,82.532634,1.36848e-05,2.46632e+20,3.57915e-08,1881500000000000,2.2883279,1.23214e-09
-0.07708,300,1.13917547,80.598794,1.36182e-05,2.42428e+20,3.75443e-08,1850730000000000,2.2339366,1.20327e-09
-0.07658,300,1.11926501,78.689836,1.35459e-05,2.3837e+20,3.93433e-08,1820640000000000,2.1843871,1.17477e-09
-0.07607999999999999,300,1.09982756,76.816957,1.34612e-05,2.34443e+20,4.11901e-08,1791480000000000,2.1389484,1.14681e-09
-0.07557999999999999,300,1.08085228,74.995063,1.33557e-05,2.30639e+20,4.3085e-08,1763430000000000,2.0967883,1.11961e-09
-0.07507999999999999,300,1.06232445,73.240055,1.32205e-05,2.26952e+20,4.50268e-08,1736550000000000,2.0570972,1.09341e-09
-0.07457999999999999,300,1.04422546,71.566576,1.30479e-05,2.23383e+20,4.70127e-08,1710870000000000,2.0191817,1.06843e-09
-0.07407999999999999,300,1.02653337,69.986464,1.2833e-05,2.19937e+20,4.90386e-08,1686300000000000,1.9825171,1.04484e-09
-0.07358000000000001,300,1.00922374,68.50798899999999,1.25742e-05,2.16621e+20,5.10991e-08,1662740000000000,1.9467593,1.02277e-09
-0.07308000000000001,300,0.99227051,67.13574,1.2274e-05,2.13446e+20,5.31883e-08,1640040000000000,1.9117264,1.00228e-09
-0.07258000000000001,300,0.97564691,65.870942,1.1939e-05,2.10421e+20,5.53003e-08,1618050000000000,1.8773634,9.83397e-10
-0.07208000000000001,300,0.95932622,64.711972,1.15795e-05,2.07554e+20,5.74298e-08,1596620000000000,1.8437047,9.66094e-10
-0.07158,300,0.94328243,63.654919,1.12085e-05,2.04851e+20,5.95727e-08,1575650000000000,1.8108409,9.503129999999999e-10
-0.07108,300,0.92749074,62.69409,1.08404e-05,2.02311e+20,6.17266e-08,1555060000000000,1.7788949,9.359689999999999e-10
-0.07058,300,0.91192794,61.822484,1.04897e-05,1.99932e+20,6.389160000000001e-08,1534840000000000,1.7480037,9.22957e-10
-0.07008,300,0.8965727100000001,61.032239,1.01693e-05,1.97705e+20,6.60698e-08,1515020000000000,1.7183037,9.11159e-10
-0.06958,300,0.88140573,60.315084,9.889769999999999e-06,1.95618e+20,6.82655e-08,1495650000000000,1.6899168,9.00453e-10
-0.06908,300,0.86640977,59.662758,9.65774e-06,1.93657e+20,7.0485e-08,1476810000000000,1.662938,8.907139999999999e-10
-0.06858,300,0.85156961,59.067369,9.47623e-06,1.91807e+20,7.27361e-08,1458580000000000,1.6374257,8.81825e-10
-0.06808,300,0.83687195,58.521645,9.34448e-06,1.90052e+20,7.50272e-08,1441030000000000,1.6133972,8.73678e-10
-0.06758,300,0.8223052,58.019062,9.258399999999999e-06,1.88378e+20,7.73669e-08,1424210000000000,1.5908291,8.66175e-10
-0.06708,300,0.8078592999999999,57.55386,9.21131e-06,1.86773e+20,7.97638e-08,1408140000000000,1.5696635,8.5923e-10
-0.06658,300,0.79352558,57.120966,9.194539999999999e-06,1.85225e+20,8.222519999999999e-08,1392830000000000,1.5498167,8.52767e-10
-0.06608,300,0.77929651,56.715852,9.19826e-06,1.83726e+20,8.47575e-08,1378260000000000,1.5311914,8.46719e-10
-0.06558,300,0.76516568,56.334366,9.21196e-06,1.8227e+20,8.73654e-08,1364390000000000,1.5136878,8.41024e-10
-0.06508,300,0.75112768,55.972592,9.22504e-06,1.80849e+20,9.00514e-08,1351180000000000,1.4972143,8.35623e-10
-0.06458,300,0.73717806,55.626778,9.22719e-06,1.79461e+20,9.28158e-08,1338570000000000,1.4816924,8.3046e-10
-0.06408,300,0.72331326,55.293355,9.20884e-06,1.78101e+20,9.56561e-08,1326520000000000,1.4670561,8.25482e-10
-0.06358,300,0.70953062,54.969042,9.16172e-06,1.76769e+20,9.85668e-08,1314960000000000,1.453246,8.20641e-10
-0.06308,300,0.69582822,54.650965,9.079439999999999e-06,1.75462e+20,1.01539e-07,1303830000000000,1.440203,8.15892e-10
-0.06258,300,0.68220482,54.336727,8.958189999999999e-06,1.74181e+20,1.04561e-07,1293060000000000,1.4278635,8.11201e-10
-0.06208,300,0.6686597,54.024383,8.79725e-06,1.72926e+20,1.07618e-07,1282600000000000,1.4161614,8.06538e-10
-0.06158,300,0.6551926,53.712322,8.59936e-06,1.71695e+20,1.10694e-07,1272380000000000,1.4050354,8.01879e-10
-0.06108,300,0.64180364,53.399131,8.37049e-06,1.7049e+20,1.13773e-07,1262350000000000,1.3944377,7.97203e-10
-0.06058,300,0.62849324,53.083511,8.119400000000001e-06,1.6931e+20,1.16838e-07,1252460000000000,1.3843385,7.92491e-10
-0.06008,300,0.61526218,52.764319,7.856659999999999e-06,1.68153e+20,1.19876e-07,1242690000000000,1.3747243,7.87726e-10
-0.05958,300,0.60211145,52.440701,7.59358e-06,1.67016e+20,1.22877e-07,1233010000000000,1.3655891,7.82895e-10
-0.05908,300,0.58904223,52.112283,7.34117e-06,1.65898e+20,1.25835e-07,1223410000000000,1.3569224,7.77992e-10
-0.05858,300,0.57605569,51.779307,7.1092e-06,1.64794e+20,1.28746e-07,1213900000000000,1.3487,7.73021e-10
-0.05808,300,0.56315288,51.442668,6.90558e-06,1.63702e+20,1.31612e-07,1204460000000000,1.3408804,7.67995e-10
-0.05758,300,0.55033454,51.10383,6.73598e-06,1.62617e+20,1.34439e-07,1195100000000000,1.3334071,7.62936e-10
-0.05708,300,0.537601,50.764669,6.60375e-06,1.61537e+20,1.37232e-07,1185840000000000,1.3262152,7.57873e-10
-0.05658,300,0.5249520600000001,50.427297,6.51002e-06,1.60456e+20,1.4e-07,1176660000000000,1.3192377,7.52836e-10
-0.05608,300,0.51238701,50.093929,6.45397e-06,1.59371e+20,1.42754e-07,1167590000000000,1.3124088,7.47859e-10
-0.05558,300,0.49990458,49.766768,6.4332e-06,1.5828e+20,1.45502e-07,1158620000000000,1.3056652,7.42975e-10
-0.05508,300,0.48750294,49.447901,6.4442e-06,1.5718e+20,1.48255e-07,1149760000000000,1.2989475,7.38215e-10
-0.05458,300,0.47517978,49.139148,6.48283e-06,1.56069e+20,1.51021e-07,1141010000000000,1.292205,7.33605e-10
-0.05408,300,0.4629324,48.841897,6.54464e-06,1.54947e+20,1.53806e-07,1132350000000000,1.2854017,7.29168e-10
-0.05358,300,0.45075781,48.556955,6.6252e-06,1.53811e+20,1.56618e-07,1123780000000000,1.2785228,7.24914e-10
-0.05308,300,0.43865288,48.28448,6.72025e-06,1.52663e+20,1.59462e-07,1115290000000000,1.2715782,7.20846e-10
-0.05258,300,0.42661457,48.023992,6.82584e-06,1.51503e+20,1.62342e-07,1106860000000000,1.2646013,7.169570000000001e-10
-0.05208,300,0.41463997,47.774502,6.9384e-06,1.50331e+20,1.6526e-07,1098470000000000,1.257643,7.13232e-10
-0.05158,300,0.40272651,47.534729,7.05491e-06,1.49151e+20,1.68219e-07,1090110000000000,1.2507611,7.096530000000001e-10
-0.05108,300,0.3908719,47.303441,7.17293e-06,1.47962e+20,1.71221e-07,1081760000000000,1.244002,7.062e-10
-0.05058,300,0.37907414,47.079886,7.29083e-06,1.46768e+20,1.74266e-07,1073400000000000,1.2373763,7.02862e-10
-0.05008,300,0.3673313,46.86423,7.40778e-06,1.4557e+20,1.77355e-07,1064990000000000,1.2308303,6.99643e-10
-0.04958,300,0.35564126,46.65788,7.52389e-06,1.4437e+20,1.80487e-07,1056530000000000,1.2242231,6.96562e-10
-0.04908,300,0.34400137,46.463538,7.640040000000001e-06,1.43171e+20,1.83663e-07,1048000000000000,1.2173139,6.93661e-10
-0.04858,300,0.33240818,46.284947,7.75772e-06,1.41972e+20,1.86887e-07,1039400000000000,1.2097662,6.909949999999999e-10
-0.04808,300,0.32085723,46.126317,7.87871e-06,1.40774e+20,1.90159e-07,1030720000000000,1.2011652,6.88626e-10
-0.04758,300,0.30934303,45.991557,8.004789999999999e-06,1.39577e+20,1.93485e-07,1021980000000000,1.1910466,6.86615e-10
-0.04708,300,0.29785922,45.883453,8.137490000000001e-06,1.38381e+20,1.96869e-07,1013180000000000,1.1789256,6.85001e-10
-0.04658,300,0.286399,45.802923,8.278049999999999e-06,1.37185e+20,2.00317e-07,1004340000000000,1.1643205,6.83798e-10
-0.04608,300,0.27495558,45.748465,8.427410000000001e-06,1.35987e+20,2.03835e-07,995460000000000,1.1467666,6.82985e-10
-0.04558,300,0.26352294,45.71576,8.586419999999999e-06,1.34789e+20,2.07429e-07,986544000000000,1.1258205,6.82497e-10
-0.04508,300,0.25209651,45.697222,8.755880000000001e-06,1.3359e+20,2.11104e-07,977593000000000,1.1010727,6.8222e-10
-0.04458,300,0.24067411,45.681125,8.936659999999999e-06,1.32388e+20,2.14869e-07,968610000000000,1.0721909,6.8198e-10
-0.04408,300,0.22925718,45.649905,9.12948e-06,1.31184e+20,2.18732e-07,959604000000000,1.0390274,6.81514e-10
-0.04358,300,0.21785255,45.577555,9.33474e-06,1.29975e+20,2.227e-07,950591000000000,1.0018053,6.80434e-10
-0.04308,300,0.20647491,45.426665,9.552090000000001e-06,1.2876e+20,2.26786e-07,941594000000000,0.96135804,6.78181e-10
-0.04258,300,0.19514995,45.146562,9.780069999999999e-06,1.27538e+20,2.31001e-07,932641000000000,0.919343,6.73999e-10
-0.04208,300,0.1839176,44.674657,1.00159e-05,1.26307e+20,2.35356e-07,923761000000000,0.87829895,6.66954e-10
-0.04158,300,0.17283429,43.942983,1.02556e-05,1.25066e+20,2.39862e-07,914972000000000,0.84141148,6.56031e-10
-0.04108,300,0.16197291,42.890457,1.0494e-05,1.23816e+20,2.44527e-07,906279000000000,0.81192805,6.40318e-10
-0.04058,300,0.1514191,41.478724,1.07261e-05,1.22559e+20,2.49356e-07,897666000000000,0.79232081,6.19242e-10
-0.04008,300,0.1412637,39.706664,1.09474e-05,1.21297e+20,2.54347e-07,889101000000000,0.78347035,5.92786e-10
-0.03958,300,0.13159231,37.617568,1.11552e-05,1.20036e+20,2.59498e-07,880538000000000,0.78422021,5.61598e-10
-0.03908,300,0.12247444,35.295105,1.13491e-05,1.18779e+20,2.64802e-07,871929000000000,0.79154011,5.26926e-10
-0.03858,300,0.1139551,32.848688,1.15309e-05,1.17531e+20,2.70255e-07,863233000000000,0.8012677499999999,4.90403e-10
-0.03808,300,0.1060508,30.393361,1.17045e-05,1.16292e+20,2.75853e-07,854427000000000,0.80913483,4.53747e-10
-0.03758,300,0.09875059999999999,28.031013,1.18744e-05,1.15065e+20,2.81598e-07,845503000000000,0.81168712,4.18479e-10
-0.03708,300,0.09202109,25.838045,1.20455e-05,1.1385e+20,2.87494e-07,836470000000000,0.80681949,3.8574e-10
-0.03658,300,0.08581349000000001,23.861121,1.22221e-05,1.12644e+20,2.9355e-07,827347000000000,0.79386084,3.56226e-10
-0.03608,300,0.08007085999999999,22.119519,1.24075e-05,1.11446e+20,2.99778e-07,818156000000000,0.7733207,3.30225e-10
-0.03558,300,0.07473425,20.61124,1.26042e-05,1.10254e+20,3.0619e-07,808920000000000,0.74647897,3.07708e-10
-0.03508,300,0.06974712,19.320108,1.28137e-05,1.09065e+20,3.12803e-07,799656000000000,0.71497508,2.88433e-10
-0.03458,300,0.06505809,18.222098,1.3037e-05,1.07878e+20,3.19632e-07,790380000000000,0.68048626,2.7204e-10
-0.03408,300,0.06062224,17.290122,1.32745e-05,1.0669e+20,3.26692e-07,781106000000000,0.64452136,2.58127e-10
-0.03358,300,0.05640145,16.497196,1.35261e-05,1.055e+20,3.34e-07,771843000000000,0.60831669,2.46289e-10
-0.03308,300,0.05236415,15.818309,1.37911e-05,1.04305e+20,3.41575e-07,762602000000000,0.5728045899999999,2.36154e-10
-0.03258,300,0.04848465,15.231338,1.40681e-05,1.03104e+20,3.49434e-07,753388000000000,0.53862614,2.27391e-10
-0.03208,300,0.0447424,14.717349,1.43555e-05,1.01895e+20,3.57594e-07,744204000000000,0.50616753,2.19717e-10
-0.03158,300,0.04112122,14.260471,1.46516e-05,1.00679e+20,3.66072e-07,735050000000000,0.47560749,2.12897e-10
-0.03108,300,0.03760851,13.84752,1.49545e-05,9.94541e+19,3.74883e-07,725922000000000,0.44696824,2.06732e-10
-0.03058,300,0.03419472,13.467497,1.52626e-05,9.8221e+19,3.84043e-07,716814000000000,0.42016446,2.01058e-10
-0.03008,300,0.0308728,13.111066,1.55746e-05,9.69794e+19,3.93568e-07,707723000000000,0.39504582,1.95737e-10
-0.02958,300,0.0276379,12.770104,1.58895e-05,9.57295e+19,4.03473e-07,698647000000000,0.37143075,1.90647e-10
-0.02908,300,0.02448707,12.437313,1.62062e-05,9.44716e+19,4.13775e-07,689586000000000,0.34913198,1.85678e-10
-0.02858,300,0.02141913,12.105918,1.65239e-05,9.32059e+19,4.24488e-07,680541000000000,0.32797676,1.80731e-10
-0.02808,300,0.01843454,11.769385,1.68419e-05,9.19329e+19,4.3563e-07,671514000000000,0.30782496,1.75707e-10
-0.02758,300,0.01553541,11.421179,1.71595e-05,9.06533e+19,4.47214e-07,662506000000000,0.28858675,1.70508e-10
-0.02708,300,0.01272548,11.054573,1.74765e-05,8.9368e+19,4.59256e-07,653516000000000,0.27023873,1.65035e-10
-0.02658,300,0.01001024,10.662596,1.7793e-05,8.8078e+19,4.7177e-07,644545000000000,0.2528352,1.59183e-10
-0.02608,300,0.00739689,10.238178,1.81091e-05,8.67847e+19,4.84769e-07,635591000000000,0.23650956,1.52847e-10
-0.02558,300,0.00489442,9.774577900000001,1.84254e-05,8.54895e+19,4.98268e-07,626649000000000,0.22146136,1.45926e-10
-0.02508,300,0.00251335,9.266112700000001,1.87422e-05,8.41942e+19,5.12278e-07,617712000000000,0.20792599,1.38335e-10
-0.02458,300,0.00026541,8.709148799999999,1.90602e-05,8.29008e+19,5.2681e-07,608767000000000,0.19612699,1.3002e-10
-0.02408,300,-0.00183714,8.1032472,1.93801e-05,8.16117e+19,5.41872e-07,599796000000000,0.18621505,1.20975e-10
-0.02358,300,-0.00378244,7.4522366,1.97034e-05,8.03291e+19,5.57473e-07,590776000000000,0.17820403,1.11256e-10
-0.02308,300,-0.00556021,6.764898,2.00323e-05,7.90554e+19,5.73616e-07,581682000000000,0.17192097,1.00994e-10
-0.02258,300,-0.00716299,6.0549172,2.03704e-05,7.77926e+19,5.90309e-07,572489000000000,0.16698998,9.03947e-11
-0.02208,300,-0.008587249999999999,5.3398755,2.07223e-05,7.6542e+19,6.07562e-07,563173000000000,0.16286513,7.97198e-11
-0.02158,300,-0.00983414,4.6393305,2.10943e-05,7.53039e+19,6.25392e-07,553721000000000,0.15891199,6.92612e-11
-0.02108,300,-0.01090972,3.9723654,2.14935e-05,7.40779e+19,6.4383e-07,544126000000000,0.15451847,5.9304e-11
-0.02058,300,-0.01182449,3.3552121,2.19271e-05,7.2862e+19,6.62918e-07,534392000000000,0.14920221,5.00904e-11
-0.02008,300,-0.01259246,2.7995328,2.24023e-05,7.16538e+19,6.82716e-07,524533000000000,0.14268331,4.17946e-11
-0.01958,300,-0.01322992,2.3116924,2.29255e-05,7.04497e+19,7.03302e-07,514564000000000,0.13490523,3.45116e-11
-0.01908,300,-0.01375408,1.8930115,2.35016e-05,6.92459e+19,7.24767e-07,504508000000000,0.12600693,2.8261e-11
-0.01858,300,-0.01418197,1.5407183,2.41342e-05,6.80383e+19,7.47216e-07,494383000000000,0.11626373,2.30016e-11
-0.01808,300,-0.01452951,1.2492179,2.48257e-05,6.68229e+19,7.70764e-07,484206000000000,0.1060188,1.86498e-11
-0.01758,300,-0.01481105,1.0113451,2.55772e-05,6.55959e+19,7.95537e-07,473988000000000,0.09562267000000001,1.50985e-11
-0.01708,300,-0.01503901,0.8193942,2.63888e-05,6.43538e+19,8.21665e-07,463740000000000,0.085390164,1.22329e-11
-0.01658,300,-0.01522394,0.66585066,2.72602e-05,6.30935e+19,8.49284e-07,453467000000000,0.075576136,9.94058e-12
-0.01608,300,-0.01537456,0.54383633,2.81907e-05,6.18122e+19,8.785350000000001e-07,443176000000000,0.066367114,8.119010000000001e-12
-0.01558,300,-0.01549798,0.44732752,2.91795e-05,6.05072e+19,9.0956e-07,432875000000000,0.057883864,6.67822e-12
-0.01508,300,-0.01559992,0.37121492,3.02258e-05,5.9176e+19,9.42506e-07,422576000000000,0.050190187,5.54192e-12
-0.01458,300,-0.01568493,0.31126606,3.13283e-05,5.78163e+19,9.775219999999999e-07,412298000000000,0.043304298,4.64694e-12
-0.01408,300,-0.01575661,0.2640365,3.24856e-05,5.6426e+19,1.01476e-06,402067000000000,0.037210386,3.94184e-12
-0.01358,300,-0.01581778,0.22676049,3.36949e-05,5.50033e+19,1.0544e-06,391914000000000,0.031869009,3.38534e-12
-0.01308,300,-0.01587064,0.19723992,3.49517e-05,5.35469e+19,1.09659e-06,381876000000000,0.027225743,2.94462e-12
-0.01258,300,-0.0159169,0.17374177,3.6249e-05,5.20566e+19,1.14153e-06,371988000000000,0.023217948,2.59382e-12
-0.01208,300,-0.0159579,0.15490843,3.75771e-05,5.05333e+19,1.18942e-06,362279000000000,0.019779813,2.31265e-12
-0.01158,300,-0.01599466,0.13968205,3.89227e-05,4.89797e+19,1.24049e-06,352767000000000,0.016845928,2.08533e-12
-0.01108,300,-0.01602797,0.12724227,4.02704e-05,4.74003e+19,1.29496e-06,343453000000000,0.014353674,1.89962e-12
-0.01058,300,-0.01605846,0.11695558,4.16029e-05,4.58015e+19,1.3531e-06,334323000000000,0.012244714,1.74605e-12
-0.01008,300,-0.01608659,0.10833474,4.29025e-05,4.41914e+19,1.41518e-06,325346000000000,0.010465811,1.61734e-12
-0.00958,300,-0.01611273,0.1010063,4.41528e-05,4.2579e+19,1.48151e-06,316480000000000,0.008969179000000001,1.50794e-12
-0.00908,300,-0.01613717,0.094684936,4.53399e-05,4.09743e+19,1.55241e-06,307680000000000,0.007712491,1.41357e-12
-0.008580000000000001,300,-0.01616014,0.089153081,4.64534e-05,3.93868e+19,1.62824e-06,298900000000000,0.006658678,1.33098e-12
-0.00808,300,-0.0161818,0.084245072,4.74877e-05,3.78256e+19,1.70939e-06,290102000000000,0.005775594,1.25771e-12
-0.00758,300,-0.0162023,0.07983474,4.84415e-05,3.62987e+19,1.79629e-06,281262000000000,0.005035586,1.19186e-12
-0.00708,300,-0.01622175,0.075825851,4.93181e-05,3.48125e+19,1.88942e-06,272364000000000,0.00441505,1.13202e-12
-0.00658,300,-0.01624024,0.072144761,5.01252e-05,3.33722e+19,1.98932e-06,263409000000000,0.003893959,1.07706e-12
-0.00608,300,-0.01625785,0.06873482,5.08738e-05,3.1981e+19,2.09659e-06,254406000000000,0.003455426,1.02615e-12
-0.00558,300,-0.01627463,0.065552106,5.15782e-05,3.06409e+19,2.21192e-06,245375000000000,0.00308528,9.78637e-13
-0.00508,300,-0.01629064,0.062562201,5.2255e-05,2.93525e+19,2.33606e-06,236341000000000,0.002771689,9.340000000000001e-13
-0.00458,300,-0.01630592,0.05973775,5.29223e-05,2.81152e+19,2.46988e-06,227337000000000,0.002504814,8.91833e-13
-0.00408,300,-0.01632052,0.057056642,5.35993e-05,2.69272e+19,2.61437e-06,218394000000000,0.002276513,8.51807e-13
-0.00358,300,-0.01633446,0.054500668,5.43052e-05,2.57862e+19,2.77064e-06,209549000000000,0.002080073,8.13648e-13
-0.00308,300,-0.01634778,0.052054572,5.50586e-05,2.46892e+19,2.93996e-06,200835000000000,0.00190998,7.7713e-13
-0.00258,300,-0.0163605,0.049705413,5.58765e-05,2.36327e+19,3.12377e-06,192286000000000,0.001761722,7.42059e-13
-0.00208,300,-0.01637264,0.047442184,5.67737e-05,2.26133e+19,3.32375e-06,183931000000000,0.001631613,7.08271e-13
-0.00158,300,-0.01638423,0.045255596,5.7762e-05,2.16273e+19,3.54175e-06,175797000000000,0.001516643,6.75627e-13
-0.00108,300,-0.01639527,0.043137978,5.88506e-05,2.06714e+19,3.77994e-06,167902000000000,0.001414352,6.44013e-13
-0.00058,300,-0.0164058,0.041083207,6.00452e-05,1.97429e+19,4.04074e-06,160261000000000,0.001322726,6.13337e-13
-8.000000000000001e-05,300,-0.01641582,0.039086611,6.13496e-05,1.88392e+19,4.32694e-06,152880000000000,0.001240107,5.8353e-13
0.00042,300,-0.01642535,0.037144823,6.276549999999999e-05,1.79586e+19,4.64171e-06,145761000000000,0.001165131,5.5454e-13
0.00092,300,-0.0164344,0.035255586,6.42937e-05,1.70995e+19,4.98869e-06,138899000000000,0.001096677,5.26336e-13
0.00142,300,-0.01644298,0.033417522,6.59349e-05,1.6261e+19,5.37205e-06,132285000000000,0.001033829,4.98895e-13
0.00192,300,-0.01645111,0.031629909,6.76899e-05,1.54425e+19,5.7966e-06,125912000000000,0.000975847,4.72207e-13
0.00242,300,-0.0164588,0.029892476,6.956060000000001e-05,1.46436e+19,6.26793e-06,119767000000000,0.000922142,4.46269e-13
0.00292,300,-0.01646606,0.028205248,7.15498e-05,1.38643e+19,6.79251e-06,113840000000000,0.000872262,4.2108e-13
0.00342,300,-0.01647291,0.026568426,7.36616e-05,1.31045e+19,7.37794e-06,108120000000000,0.000825875,3.96644e-13
0.00392,300,-0.01647935,0.024982308,7.59014e-05,1.23644e+19,8.03309e-06,102600000000000,0.000782754,3.72964e-13
0.00442,300,-0.0164854,0.023447251,7.827599999999999e-05,1.16441e+19,8.768429999999999e-06,97270000000000,0.000742773,3.50047e-13
0.00492,300,-0.01649108,0.021963642,8.079370000000001e-05,1.09438e+19,9.59633e-06,92124700000000,0.000705901,3.27898e-13
0.00542,300,-0.01649639,0.020531902,8.346390000000001e-05,1.02638e+19,1.05315e-05,87158300000000,0.000672195,3.06524e-13
0.00592,300,-0.01650135,0.01915249,8.62979e-05,9.60431e+18,1.15913e-05,82366400000000,0.00064181,2.8593e-13
0.00642,300,-0.01650597,0.017825925,8.93081e-05,8.96571e+18,1.27969e-05,77745600000000,0.000614999,2.66126e-13
0.00692,300,-0.01651026,0.016552818,9.25089e-05,8.34823e+18,1.41733e-05,73293000000000,0.000592123,2.47119e-13
0.00742,300,-0.01651425,0.015333902,9.59163e-05,7.75216e+18,1.5751e-05,69006400000000,0.000573673,2.28922e-13
0.00792,300,-0.01651794,0.014170088,9.95481e-05,7.17781e+18,1.75669e-05,64884000000000,0.000560281,2.11547e-13
0.00842,300,-0.01652134,0.013062518,0.000103424,6.62544e+18,1.96661e-05,60924200000000,0.000552754,1.95012e-13
0.008920000000000001,300,-0.01652447,0.012012655,0.000107567,6.09536e+18,2.21038e-05,57125600000000,0.000552104,1.79339e-13
0.00942,300,-0.01652735,0.011022373,0.000112,5.58784e+18,2.49481e-05,53486800000000,0.000559591,1.64555e-13
0.00992,300,-0.01652999,0.010094094,0.000116752,5.10314e+18,2.82833e-05,50006400000000,0.0005767739999999999,1.50696e-13
0.01042,300,-0.0165324,0.009230954,0.000121851,4.64153e+18,3.22143e-05,46682600000000,0.000605572,1.3781e-13
0.01092,300,-0.01653461,0.008437022000000001,0.000127331,4.20325e+18,3.68726e-05,43513500000000,0.000648342,1.25958e-13
0.01142,300,-0.01653663,0.007717585,0.000133227,3.78851e+18,4.24236e-05,40496900000000,0.000707967,1.15217e-13
0.01192,300,-0.01653847,0.007079513,0.000139576,3.39752e+18,4.90765e-05,37630100000000,0.000787965,1.05691e-13
0.01242,300,-0.01654017,0.006531743,0.000146421,3.03044e+18,5.70973e-05,34909900000000,0.000892618,9.75133e-14
0.01292,300,-0.01654175,0.006085897,0.000153802,2.68737e+18,6.682590000000001e-05,32332600000000,0.001027121,9.08572e-14
0.01342,300,-0.01654323,0.005757101,0.000161764,2.36838e+18,7.86982e-05,29894100000000,0.001197761,8.59486e-14
0.01392,300,-0.01654464,0.005565035,0.000170347,2.07346e+18,9.32753e-05,27589900000000,0.001412123,8.30812e-14
0.01442,300,-0.01654602,0.005535311,0.00017959,1.80251e+18,0.000111282,25415100000000,0.001679328,8.26374e-14
0.01492,300,-0.01654742,0.005701267,0.000189518,1.55534e+18,0.000133653,23364800000000,0.002010306,8.5115e-14
0.01542,300,-0.01654889,0.006106298,0.000200141,1.3316e+18,0.000161599,21433900000000,0.002418104,9.11618e-14
0.01592,300,-0.0165505,0.006806896,0.000211438,1.13083e+18,0.000196676,19618200000000,0.002918225,1.01621e-13
0.01642,300,-0.01655233,0.007876606,0.000223337,9.52364e+17,0.000240871,17913700000000,0.00352901,1.17591e-13
0.01692,300,-0.01655448,0.009411166,0.000235686,7.9537e+17,0.000296686,16318000000000,0.004272032,1.40501e-13
0.01742,300,-0.01655708,0.011535192,0.000248204,6.58811e+17,0.000367186,14829900000000,0.005172511,1.72211e-13
0.01792,300,-0.01656031,0.014410838,0.00026041,5.41456e+17,0.000455942,13449800000000,0.006259727,2.15141e-13
0.01842,300,-0.01656437,0.018248995,0.000271508,4.41902e+17,0.000566723,12180200000000,0.00756739,2.72442e-13
0.01892,300,-0.01656954,0.023323715,0.000280228,3.58609e+17,0.000702631,11024800000000,0.009133939000000001,3.48203e-13
0.01942,300,-0.01657616,0.029990719,0.000284615,2.89956e+17,0.000864203,9988810000000,0.01100271,4.47736e-13
0.01992,300,-0.0165847,0.038711007,0.000281819,2.34311e+17,0.001045845,9078350000000,0.013221881,5.77922e-13
0.02042,300,-0.01659574,0.050080788,0.000268052,1.90096e+17,0.001230467,8299660000000,0.015844106,7.47663e-13
0.02092,300,-0.01661003,0.064869098,0.000239041,1.55862e+17,0.001384437,7658870000000,0.018925685,9.684400000000001e-13
0.02142,300,-0.01662854,0.084064585,0.000191396,1.30349e+17,0.001459531,7161580000000,0.022525102,1.25501e-12
0.02192,300,-0.01665253,0.10893286,0.00012482,1.12527e+17,0.001410862,6812630000000,0.02670074,1.62627e-12
0.02242,300,-0.01668361,0.14108536,4.39366e-05,1.01635e+17,0.00122798,6616130000000,0.031507512,2.10628e-12
0.02292,300,-0.01672385,0.18255981,-4.21232e-05,9.72054e+16,0.000952739,6575330000000,0.036992215,2.72546e-12
0.02342,300,-0.01677588,0.23591011,-0.000122635,9.90781e+16,0.000659113,6692710000000,0.043187406,3.52194e-12
0.02392,300,-0.01684305,0.30430057,-0.000188848,1.07419e+17,0.000410668,6969770000000,0.050103767,4.54295e-12
0.02442,300,-0.0169296,0.39159332,-0.000236253,1.22738e+17,0.000234427,7406790000000,0.057721187,5.84615e-12
0.02492,300,-0.01704081,0.50241044,-0.000264814,1.45902e+17,0.000125121,8002340000000,0.065979256,7.50056e-12
0.02542,300,-0.01718321,0.6421415700000001,-0.00027753,1.78154e+17,6.36482e-05,8752610000000,0.074768529,9.58662e-12
0.02592,300,-0.01736479,0.81685651,-0.000278483,2.21118e+17,3.13193e-05,9650760000000,0.083924789,1.2195e-11
0.02642,300,-0.0175951,1.0330736,-0.00027146,2.76793e+17,1.50385e-05,10686200000000,0.09322939399999999,1.54229e-11
0.02692,300,-0.01788534,1.2973344,-0.000259399,3.4751e+17,7.05601e-06,11844000000000,0.10241927,1.93681e-11
0.02742,300,-0.01824827,1.6155559,-0.000244363,4.35852e+17,3.2066e-06,13105300000000,0.11120958,2.41189e-11
0.02792,300,-0.01869799,1.9921753,-0.000227729,5.4452e+17,1.37224e-06,14447800000000,0.11932996,2.97415e-11
0.02842,300,-0.0192494,2.4291798,-0.000210397,6.76138e+17,5.09085e-07,15847300000000,0.12657107,3.62656e-11
0.02892,300,-0.01991751,2.9251963,-0.000192951,8.33023e+17,1.11024e-07,17280500000000,0.13283318,4.36707e-11
0.02942,300,-0.02071648,3.4748814,-0.000175769,1.01693e+18,-6.54847e-08,18727300000000,0.13816411,5.1877e-11
0.02992,300,-0.02165865,4.068846,-0.000159103,1.22885e+18,-1.37338e-07,20174000000000,0.14277325,6.07444e-11
0.03042,300,-0.02275353,4.6942582,-0.000143113,1.46882e+18,-1.60621e-07,21614600000000,0.14701267,7.008130000000001e-11
0.03092,300,-0.02400715,5.3360962,-0.000127902,1.73589e+18,-1.62226e-07,23051900000000,0.15132548,7.96633e-11
0.03142,300,-0.02542165,5.9788351,-0.000113529,2.02823e+18,-1.55002e-07,24496600000000,0.15617195,8.92589e-11
0.03192,300,-0.02699544,6.6082143,-0.000100022,2.34321e+18,-1.45044e-07,25965300000000,0.16195164,9.865499999999999e-11
0.03242,300,-0.02872367,7.2127026,-8.738890000000001e-05,2.67769e+18,-1.35212e-07,27478200000000,0.16894146,1.07679e-10
0.03292,300,-0.03059905,7.7843839,-7.56214e-05,3.02823e+18,-1.26846e-07,29056300000000,0.17726362,1.16214e-10
0.03342,300,-0.03261278,8.319168599999999,-6.47042e-05,3.39134e+18,-1.20618e-07,30718900000000,0.18688712,1.24198e-10
0.03392,300,-0.0347555,8.8164248,-5.46175e-05,3.7637e+18,-1.16963e-07,32482200000000,0.19765612,1.31622e-10
0.03442,300,-0.03701803,9.278233500000001,-4.53413e-05,4.14233e+18,-1.1632e-07,34357600000000,0.20933317,1.38516e-10
0.03492,300,-0.03939198,9.7084884,-3.68581e-05,4.5247e+18,-1.19293e-07,36350900000000,0.22164547,1.44939e-10
0.03542,300,-0.04187005,10.112018,-2.91565e-05,4.90878e+18,-1.26784e-07,38462800000000,0.23432563,1.50964e-10
0.03592,300,-0.04444618,10.493849,-2.22367e-05,5.29306e+18,-1.40148e-07,40689300000000,0.24714211,1.56664e-10
0.03642,300,-0.04711556,10.858692,-1.6118e-05,5.67647e+18,-1.61385e-07,43023600000000,0.25991672,1.62111e-10
0.03692,300,-0.04987446,11.21065,-1.08486e-05,6.05832e+18,-1.93385e-07,45456700000000,0.2725293,1.67365e-10
0.03742,300,-0.0527201,11.553149,-6.517e-06,6.43823e+18,-2.40248e-07,47979000000000,0.28491239,1.72479e-10
0.03792,300,-0.05565048,11.888985,-3.26466e-06,6.81606e+18,-3.07652e-07,50581500000000,0.29704034,1.77492e-10
0.03842,300,-0.05866423,12.220436,-1.29505e-06,7.19179e+18,-4.03213e-07,53257000000000,0.30891766,1.82441e-10
0.03892,300,-0.06176049,12.549373,-8.7484e-07,7.56543e+18,-5.36687e-07,56001800000000,0.32056937,1.87351e-10
0.03942,300,-0.06493884,12.877362,-2.31585e-06,7.93696e+18,-7.19729e-07,58816700000000,0.33203333,1.92248e-10
0.03992,300,-0.0681992,13.205762,-5.92469e-06,8.30631e+18,-9.6479e-07,61707500000000,0.34335393,1.97151e-10
0.04042,300,-0.07154186,13.535818,-1.19106e-05,8.67339e+18,-1.28274e-06,64684700000000,0.3545763,2.02078e-10
0.04092,300,-0.07496735,13.868751,-2.02612e-05,9.03821e+18,-1.6792e-06,67761500000000,0.36574113,2.07049e-10
0.04142,300,-0.07847657,14.205812,-3.06315e-05,9.40101e+18,-2.15064e-06,70952200000000,0.37688116,2.12081e-10
0.04192,300,-0.08207071000000001,14.548299,-4.23203e-05,9.76237e+18,-2.68218e-06,74270500000000,0.3880203,2.17194e-10
0.04242,300,-0.08575128,14.897506,-5.43875e-05,1.01233e+19,-3.24922e-06,77728900000000,0.39917607,2.22407e-10
0.04292,300,-0.08952013,15.254637,-6.58848e-05,1.04852e+19,-3.82272e-06,81338000000000,0.41036497,2.27739e-10
0.04342,300,-0.09337935,15.620688,-7.6085e-05,1.085e+19,-4.37577e-06,85107200000000,0.42160925,2.33203e-10
0.04392,300,-0.09733127,15.99637,-8.46e-05,1.122e+19,-4.8878e-06,89044800000000,0.43294231,2.38812e-10
0.04442,300,-0.10137837,16.382092,-9.13617e-05,1.15978e+19,-5.34536e-06,93157800000000,0.44441005,2.44571e-10
0.04492,300,-0.10552317,16.77804,-9.65168e-05,1.19865e+19,-5.74017e-06,97451100000000,0.45606753,2.50482e-10
0.04542,300,-0.10976825,17.184311,-0.000100309,1.23895e+19,-6.06665e-06,101927000000000,0.46797207,2.56547e-10
0.04592,300,-0.1141162,17.601062,-0.000102994,1.28107e+19,-6.32016e-06,106585000000000,0.48017581,2.62769e-10
0.04642,300,-0.11856968,18.028626,-0.000104788,1.32541e+19,-6.49664e-06,111422000000000,0.49272019,2.69152e-10
0.04692,300,-0.12313146,18.467578,-0.00010586,1.37237e+19,-6.59327e-06,116436000000000,0.5056332,2.75705e-10
0.04742,300,-0.12780449,18.918765,-0.000106334,1.42234e+19,-6.60959e-06,121629000000000,0.51892826,2.82441e-10
0.04792,300,-0.13259196,19.383306,-0.000106303,1.47567e+19,-6.5484e-06,127005000000000,0.53260356,2.89376e-10
0.04842,300,-0.13749737,19.862585,-0.000105842,1.53267e+19,-6.41609e-06,132575000000000,0.54664138,2.96531e-10
0.04892,300,-0.14252461,20.358213,-0.000105016,1.59358e+19,-6.22218e-06,138356000000000,0.56100782,3.03931e-10
0.04942,300,-0.14767798,20.871956,-0.000103888,1.65865e+19,-5.97834e-06,144366000000000,0.57565424,3.116e-10
0.04992,300,-0.15296225,21.405606,-0.000102517,1.72805e+19,-5.6972e-06,150627000000000,0.5905211500000001,3.19567e-10
0.05042,300,-0.15838258,21.960813,-0.000100961,1.80197e+19,-5.39115e-06,157161000000000,0.60554469,3.27856e-10
0.05092,300,-0.16394456,22.538884,-9.92697e-05,1.88056e+19,-5.07147e-06,163989000000000,0.62066486,3.36486e-10
0.05142,300,-0.169654,23.140593,-9.74909e-05,1.96397e+19,-4.74778e-06,171132000000000,0.635834,3.45469e-10
0.05192,300,-0.17551684,23.766047,-9.56639e-05,2.05236e+19,-4.42782e-06,178606000000000,0.65102277,3.54807e-10
0.05242,300,-0.18153895,24.414643,-9.3822e-05,2.14591e+19,-4.11741e-06,186426000000000,0.66622153,3.6449e-10
0.05292,300,-0.18772599,25.085146,-9.19916e-05,2.24481e+19,-3.82065e-06,194600000000000,0.6814355,3.745e-10
0.05342,300,-0.19408321,25.775865,-9.01921e-05,2.3493e+19,-3.54017e-06,203124000000000,0.69667483,3.84812e-10
0.05392,300,-0.20061544,26.484867,-8.84355e-05,2.45965e+19,-3.27738e-06,211988000000000,0.71194273,3.95396e-10
0.05442,300,-0.207327,27.210154,-8.67265e-05,2.5762e+19,-3.03283e-06,221163000000000,0.72722611,4.06224e-10
0.05492,300,-0.21422171,27.949738,-8.50619e-05,2.69933e+19,-2.80637e-06,230609000000000,0.74249232,4.17266e-10
0.05542,300,-0.22130289,28.701596,-8.343119999999999e-05,2.82942e+19,-2.59742e-06,240272000000000,0.7576932199999999,4.2849e-10
0.05592,300,-0.22857335,29.463526,-8.181739999999999e-05,2.96687e+19,-2.40508e-06,250086000000000,0.7727749,4.39865e-10
0.05642,300,-0.23603528,30.232958,-8.01977e-05,3.112e+19,-2.22825e-06,259977000000000,0.78769016,4.51352e-10
0.05692,300,-0.2436902,31.006783,-7.85455e-05,3.26502e+19,-2.06574e-06,269873000000000,0.80241104,4.62905e-10
0.05742,300,-0.25153873,31.781216,-7.683210000000001e-05,3.42595e+19,-1.91629e-06,279708000000000,0.81694008,4.74466e-10
0.05792,300,-0.25958048,32.55174,-7.50301e-05,3.59457e+19,-1.7787e-06,289434000000000,0.83131879,4.8597e-10
0.05842,300,-0.26781384,33.313168,-7.31172e-05,3.77031e+19,-1.65184e-06,299036000000000,0.84563096,4.97337e-10
0.05892,300,-0.27623584,34.05988,-7.10803e-05,3.95222e+19,-1.53472e-06,308539000000000,0.85999741,5.08485e-10
0.05942,300,-0.28484208,34.786255,-6.89183e-05,4.13901e+19,-1.42649e-06,318006000000000,0.87455961,5.19329e-10
0.05992,300,-0.29362685,35.487266,-6.664359999999999e-05,4.32914e+19,-1.32648e-06,327534000000000,0.88945356,5.29794e-10
0.06042,300,-0.30258328,36.159103,-6.42808e-05,4.52092e+19,-1.23412e-06,337237000000000,0.90478025,5.39824e-10
0.06092,300,-0.31170379,36.799655,-6.186329999999999e-05,4.71267e+19,-1.14894e-06,347224000000000,0.92058264,5.49387e-10
0.06142,300,-0.32098048,37.408684,-5.94293e-05,4.90292e+19,-1.0705e-06,357585000000000,0.93683852,5.5848e-10
0.06192,300,-0.33040562,37.987637,-5.70165e-05,5.0905e+19,-9.98429e-07,368376000000000,0.95347257,5.67123e-10
0.06242,300,-0.33997201,38.539171,-5.46593e-05,5.27455e+19,-9.32318e-07,379618000000000,0.9703827900000001,5.75357e-10
0.06292,300,-0.3496732,39.066588,-5.23859e-05,5.4546e+19,-8.71778e-07,391297000000000,0.98747075,5.83231e-10
0.06342,300,-0.35950358,39.573345,-5.02179e-05,5.63047e+19,-8.16407e-07,403378000000000,1.0046654,5.90796e-10
0.06392,300,-0.36945842,40.062755,-4.81695e-05,5.80223e+19,-7.65801e-07,415807000000000,1.0219357,5.98103e-10
0.06442000000000001,300,-0.37953377,40.537867,-4.62491e-05,5.97017e+19,-7.19556e-07,428528000000000,1.0392923,6.05196e-10
0.06492000000000001,300,-0.3897264,41.001481,-4.44598e-05,6.13468e+19,-6.7728e-07,441487000000000,1.056784,6.12117e-10
0.06542000000000001,300,-0.40003377,41.456239,-4.28013e-05,6.2962e+19,-6.38595e-07,454640000000000,1.0744896,6.18906e-10
0.06592000000000001,300,-0.410454,41.904781,-4.12708e-05,6.45525e+19,-6.03145e-07,467956000000000,1.0925093,6.25602e-10
0.06642000000000001,300,-0.42098588,42.349914,-3.98646e-05,6.61231e+19,-5.706e-07,481418000000000,1.110954,6.32248e-10
0.06691999999999999,300,-0.43162893,42.794768,-3.8579e-05,6.76792e+19,-5.40655e-07,495022000000000,1.1299367,6.38889e-10
0.06741999999999999,300,-0.44238353,43.242881,-3.74106e-05,6.92259e+19,-5.1303e-07,508772000000000,1.1495685,6.455790000000001e-10
0.06791999999999999,300,-0.45325097,43.698174,-3.63568e-05,7.07686e+19,-4.87471e-07,522679000000000,1.1699611,6.52376e-10
0.06841999999999999,300,-0.46423357,44.164834,-3.54155e-05,7.23131e+19,-4.63744e-07,536757000000000,1.1912346,6.59343e-10
0.06892,300,-0.47533469,44.647173,-3.45845e-05,7.38655e+19,-4.41638e-07,551024000000000,1.2135275,6.66544e-10
0.06942,300,-0.48655882,45.149526,-3.38611e-05,7.54318e+19,-4.2096e-07,565499000000000,1.2370045,6.74044e-10
0.06992,300,-0.49791149,45.676238,-3.32413e-05,7.70182e+19,-4.0154e-07,580209000000000,1.2618601,6.819069999999999e-10
0.07042,300,-0.50939934,46.23175,-3.27196e-05,7.86305e+19,-3.83227e-07,595190000000000,1.2883153,6.902e-10
0.07092,300,-0.52103016,46.820804,-3.2289e-05,8.02735e+19,-3.65892e-07,610498000000000,1.31661,6.98994e-10
0.07142,300,-0.53281298,47.448744,-3.19419e-05,8.19511e+19,-3.49428e-07,626218000000000,1.3469875,7.08369e-10
0.07192,300,-0.54475829,48.121896,-3.16714e-05,8.36655e+19,-3.33746e-07,642465000000000,1.3796742,7.18419e-10
0.07242,300,-0.55687833,48.847995,-3.1473e-05,8.54183e+19,-3.18778e-07,659386000000000,1.4148545,7.29259e-10
0.07292,300,-0.56918749,49.636554,-3.13454e-05,8.72102e+19,-3.04466e-07,677154000000000,1.4526446,7.41031e-10
0.07342,300,-0.58170277,50.499074,-3.12917e-05,8.90427e+19,-2.90763e-07,695961000000000,1.4930733,7.53908e-10
0.07392,300,-0.59444431,51.449032,-3.13193e-05,9.09186e+19,-2.77624e-07,716001000000000,1.5360708,7.6809e-10
0.07442,300,-0.60743583,52.501649,-3.14396e-05,9.28433e+19,-2.65006e-07,737466000000000,1.5814651,7.83805e-10
0.07492,300,-0.62070507,53.67354,-3.16664e-05,9.48256e+19,-2.52863e-07,760530000000000,1.6289807,8.013e-10
0.07542,300,-0.63428401,54.982327,-3.20155e-05,9.68786e+19,-2.41147e-07,785343000000000,1.6782326,8.20839e-10
0.07592,300,-0.64820916,56.446273,-3.2502e-05,9.90202e+19,-2.29804e-07,812020000000000,1.7287125,8.42694e-10
0.07642,300,-0.66252162,58.083871,-3.31384e-05,1.01274e+20,-2.18779e-07,840630000000000,1.7797718,8.67142e-10
0.07692,300,-0.67726708,59.913278,-3.39321e-05,1.03668e+20,-2.08018e-07,871190000000000,1.830607,8.94454e-10
0.07742,300,-0.69249566,61.951412,-3.48823e-05,1.06238e+20,-1.97468e-07,903653000000000,1.8802604,9.24882e-10
0.07792,300,-0.70826139,64.21256700000001,-3.59781e-05,1.09023e+20,-1.87088e-07,937912000000000,1.9276466,9.58639e-10
0.07842,300,-0.7246213500000001,66.706346,-3.71963e-05,1.12066e+20,-1.76848e-07,973795000000000,1.9716188,9.958690000000001e-10
0.07892,300,-0.74163415,69.434772,-3.8501e-05,1.15412e+20,-1.66737e-07,1011080000000000,2.011092,1.0366e-09
0.07942,300,-0.75935755,72.388482,-3.98451e-05,1.19107e+20,-1.56765e-07,1049500000000000,2.045238,1.0807e-09
0.07992,300,-0.77784511,75.542142,-4.11729e-05,1.23194e+20,-1.46958e-07,1088770000000000,2.0737586,1.12778e-09
0.08042000000000001,300,-0.79714152,78.84970300000001,-4.2424e-05,1.27712e+20,-1.37363e-07,1128600000000000,2.0972162,1.17716e-09
0.08092000000000001,300,-0.817277,82.24087,-4.35384e-05,1.32692e+20,-1.28037e-07,1168710000000000,2.1173544,1.22779e-09
0.08142000000000001,300,-0.83826109,85.62100700000001,-4.44617e-05,1.38155e+20,-1.19039e-07,1208860000000000,2.1372801,1.27825e-09
0.08192000000000001,300,-0.86007718,88.877161,-4.51485e-05,1.44113e+20,-1.10431e-07,1248860000000000,2.1613343,1.32686e-09
0.08241999999999999,300,-0.88267953,91.892202,-4.55659e-05,1.50563e+20,-1.02264e-07,1288590000000000,2.1945001,1.37187e-09
0.08291999999999999,300,-0.9059947699999999,94.566598,-4.5694e-05,1.57488e+20,-9.4576e-08,1328000000000000,2.2413272,1.4118e-09
0.08341999999999999,300,-0.92992952,96.84344,-4.55261e-05,1.64859e+20,-8.73939e-08,1367130000000000,2.3045872,1.44579e-09
0.08391999999999999,300,-0.95438366,98.728707,-4.50676e-05,1.72632e+20,-8.072920000000001e-08,1406110000000000,2.3841043,1.47394e-09
0.08442,300,-0.97926738,100.29809,-4.43349e-05,1.80748e+20,-7.458140000000001e-08,1445190000000000,2.4762726,1.49736e-09
0.08492,300,-1.00451745,101.68546,-4.33543e-05,1.8914e+20,-6.89396e-08,1484710000000000,2.5745643,1.51808e-09
0.08542,300,-1.03010863,103.05487,-4.2161e-05,1.97731e+20,-6.378440000000001e-08,1525090000000000,2.670937,1.53852e-09
0.08592,300,-1.05605669,104.5645,-4.07971e-05,2.06442e+20,-5.90898e-08,1566750000000000,2.7576781,1.56106e-09
0.08642,300,-1.08241262,106.33289,-3.93085e-05,2.152e+20,-5.48242e-08,1610060000000000,2.8291081,1.58746e-09
0.08692,300,-1.10924957,108.41613,-3.77415e-05,2.23943e+20,-5.09528e-08,1655230000000000,2.8826889,1.61856e-09
0.08742,300,-1.13664594,110.80026,-3.61376e-05,2.3262e+20,-4.74388e-08,1702290000000000,2.9193425,1.65415e-09
0.08792,300,-1.16466852,113.40874,-3.45298e-05,2.41201e+20,-4.42464e-08,1751090000000000,2.943001,1.6931e-09
0.08842,300,-1.19335911,116.12227,-3.29408e-05,2.49663e+20,-4.13418e-08,1801390000000000,2.9595629,1.73361e-09
0.08892,300,-1.22272708,118.80538,-3.13829e-05,2.57992e+20,-3.86959e-08,1852900000000000,2.9755325,1.77366e-09
0.08942,300,-1.25274878,121.33335,-2.98617e-05,2.66174e+20,-3.62839e-08,1905440000000000,2.9966951,1.8114e-09
0.08992,300,-1.28337294,123.61286,-2.83805e-05,2.74191e+20,-3.40857e-08,1959010000000000,3.0271598,1.84543e-09
0.09042,300,-1.31453012,125.59269,-2.69458e-05,2.82021e+20,-3.20844e-08,2013750000000000,3.0689626,1.87499e-09
0.09092,300,-1.34614348,127.26415,-2.55696e-05,2.89646e+20,-3.0265e-08,2069920000000000,3.1222027,1.89994e-09
0.09142,300,-1.37813869,128.65447,-2.42708e-05,2.97054e+20,-2.86124e-08,2127740000000000,3.1855089,1.9207e-09
0.09192,300,-1.41045169,129.81697,-2.30714e-05,3.0425e+20,-2.71109e-08,2187260000000000,3.2565974,1.93806e-09
0.09242,300,-1.44303395,130.82099,-2.1993e-05,3.1126e+20,-2.57435e-08,2248340000000000,3.332766,1.95305e-09
0.09292,300,-1.47585533,131.74281,-2.10512e-05,3.18128e+20,-2.44927e-08,2310570000000000,3.4112811,1.96681e-09
0.09342,300,-1.50890479,132.6577,-2.02529e-05,3.24914e+20,-2.33409e-08,2373360000000000,3.48968,1.98047e-09
0.09392,300,-1.54218928,133.63336,-1.95941e-05,3.31687e+20,-2.22718e-08,2436050000000000,3.5660018,1.99503e-09
0.09442,300,-1.57573119,134.7251,-1.90616e-05,3.38511e+20,-2.12713e-08,2498020000000000,3.6389334,2.01133e-09
0.09492,300,-1.60956494,135.97365,-1.86353e-05,3.45444e+20,-2.03276e-08,2558740000000000,3.7078337,2.02997e-09
0.09542,300,-1.64373333,137.4056,-1.82918e-05,3.5253e+20,-1.94317e-08,2617830000000000,3.7726219,2.05135e-09
0.09592000000000001,300,-1.67828431,139.03617,-1.80074e-05,3.59799e+20,-1.85769e-08,2675090000000000,3.8335602,2.07569e-09
0.09642000000000001,300,-1.7132686,140.87277,-1.77602e-05,3.67265e+20,-1.77588e-08,2730440000000000,3.891009,2.10311e-09
0.09692000000000001,300,-1.74873808,142.9178,-1.75314e-05,3.74927e+20,-1.69741e-08,2783930000000000,3.945245,2.13364e-09
0.09742000000000001,300,-1.78474474,145.16959,-1.73054e-05,3.82767e+20,-1.6221e-08,2835730000000000,3.9964098,2.16726e-09
0.09791999999999999,300,-1.82133955,147.62132,-1.70705e-05,3.90755e+20,-1.54982e-08,2886190000000000,4.0445937,2.20386e-09
0.09841999999999999,300,-1.8585709,150.25866,-1.68188e-05,3.98844e+20,-1.48051e-08,2935770000000000,4.0900074,2.24323e-09
0.09891999999999999,300,-1.89648238,153.05763,-1.65479e-05,4.06977e+20,-1.41415e-08,2985120000000000,4.1331547,2.28502e-09
0.09941999999999999,300,-1.93511036,155.98412,-1.62609e-05,4.1509e+20,-1.35072e-08,3034940000000000,4.1749191,2.32871e-09
0.09991999999999999,300,-1.97448158,158.99612,-1.59665e-05,4.23124e+20,-1.29021e-08,3085920000000000,4.2164997,2.37368e-09
0.10042,300,-2.01461179,162.04868,-1.56781e-05,4.31028e+20,-1.23257e-08,3138630000000000,4.2591869,2.41925e-09
0.10092,300,-2.05550583,165.10056,-1.54111e-05,4.38773e+20,-1.17772e-08,3193390000000000,4.3040292,2.46481e-09
0.10142,300,-2.09715939,168.12072,-1.51801e-05,4.46352e+20,-1.12553e-08,3250230000000000,4.3514986,2.5099e-09
0.10192,300,-2.13956212,171.09247,-1.49953e-05,4.53786e+20,-1.07587e-08,3308860000000000,4.4012705,2.55426e-09
0.10242,300,-2.1827014,174.01395,-1.48606e-05,4.6111e+20,-1.02857e-08,3368760000000000,4.4521991,2.59788e-09
0.10292,300,-2.22656569,176.89485,-1.47724e-05,4.68376e+20,-9.83498e-09,3429300000000000,4.5024867,2.64089e-09
0.10342,300,-2.27114673,179.75055,-1.47203e-05,4.75634e+20,-9.405499999999999e-09,3489870000000000,4.5499813,2.68352e-09
0.10392,300,-2.31644008,182.59537,-1.46895e-05,4.82926e+20,-8.996599999999999e-09,3550020000000000,4.5925078,2.72599e-09
0.10442,300,-2.36244413,185.4364,-1.4663e-05,4.90279e+20,-8.608059999999999e-09,3609570000000000,4.6281591,2.76841e-09
0.10492,300,-2.40915759,188.26862,-1.46256e-05,4.977e+20,-8.240039999999999e-09,3668630000000000,4.6555164,2.81069e-09
0.10542,300,-2.45657606,191.07166,-1.45662e-05,5.0518e+20,-7.89298e-09,3727600000000000,4.6738036,2.85254e-09
0.10592,300,-2.5046879,193.80792,-1.44797e-05,5.12696e+20,-7.56746e-09,3787120000000000,4.6829952,2.89339e-09
0.10642,300,-2.55346988,196.42199,-1.4368e-05,5.20219e+20,-7.26407e-09,3847900000000000,4.6838975,2.93241e-09
0.10692,300,-2.60288274,198.84161,-1.42395e-05,5.27726e+20,-6.98337e-09,3910660000000000,4.6781942,2.96853e-09
0.10742,300,-2.65286734,200.98079,-1.41066e-05,5.35205e+20,-6.72579e-09,3975950000000000,4.6684068,3.00047e-09
0.10792,300,-2.703342,202.74647,-1.39848e-05,5.42663e+20,-6.49162e-09,4044150000000000,4.657683,3.02683e-09
0.10842,300,-2.75420194,204.04918,-1.38897e-05,5.50127e+20,-6.28095e-09,4115360000000000,4.649347,3.04628e-09
0.10892,300,-2.8053219,204.81669,-1.38365e-05,5.57642e+20,-6.09357e-09,4189480000000000,4.6462505,3.05774e-09
0.10942,300,-2.85656209,205.00714,-1.3838e-05,5.65273e+20,-5.92891e-09,4266180000000000,4.6501114,3.06058e-09
0.10992,300,-2.907777,204.61723,-1.39044e-05,5.73098e+20,-5.78594e-09,4344960000000000,4.6610914,3.05476e-09
0.11042,300,-2.95882523,203.68266,-1.40419e-05,5.81202e+20,-5.66314e-09,4425210000000000,4.6777829,3.04081e-09
0.11092,300,-3.00957851,202.27097,-1.42524e-05,5.89674e+20,-5.55859e-09,4506220000000000,4.6975828,3.01973e-09
0.11142,300,-3.05992825,200.47006,-1.45333e-05,5.98599e+20,-5.47014e-09,4587290000000000,4.717264,2.99285e-09
0.11192,300,-3.10978912,198.37603,-1.48779e-05,6.08053e+20,-5.39558e-09,4667720000000000,4.7335289,2.96158e-09
0.11242,300,-3.15909972,196.08307,-1.52758e-05,6.180979999999999e+20,-5.33286e-09,4746860000000000,4.7434115,2.92735e-09
0.11292,300,-3.20782119,193.67606,-1.57134e-05,6.2878e+20,-5.28015e-09,4824130000000000,4.7445124,2.89142e-09
0.11342,300,-3.25593418,191.22559,-1.6174e-05,6.40123e+20,-5.23593e-09,4899030000000000,4.7351107,2.85483e-09
0.11392,300,-3.30343485,188.78486,-1.66375e-05,6.52127e+20,-5.19899e-09,4971180000000000,4.7142053,2.8184e-09
0.11442,300,-3.3503303,186.38785,-1.70808e-05,6.64764e+20,-5.16841e-09,5040400000000000,4.6815183,2.78261e-09
0.11492,300,-3.39663365,184.04871,-1.74786e-05,6.779699999999999e+20,-5.1436e-09,5106780000000000,4.6374872,2.74769e-09
0.11542,300,-3.44235906,181.7617,-1.78054e-05,6.91643e+20,-5.12429e-09,5170820000000000,4.5832657,2.71355e-09
0.11592,300,-3.48751681,179.50174,-1.80391e-05,7.05647e+20,-5.11056e-09,5233430000000000,4.5207493,2.67981e-09
0.11642,300,-3.53210864,177.22579,-1.81638e-05,7.19812e+20,-5.10272e-09,5295930000000000,4.452607,2.64583e-09
0.11692,300,-3.57612357,174.87592,-1.81738e-05,7.33949e+20,-5.10123e-09,5359950000000000,4.3822586,2.61075e-09
0.11742,300,-3.61953488,172.38552,-1.80751e-05,7.47869e+20,-5.10651e-09,5427190000000000,4.313697,2.57357e-09
0.11792,300,-3.66229915,169.68947,-1.78854e-05,7.61403e+20,-5.11878e-09,5499240000000000,4.2510796,2.53332e-09
0.11842,300,-3.70435822,166.73768,-1.76326e-05,7.7442e+20,-5.13786e-09,5577300000000000,4.1981001,2.48925e-09
0.11892,300,-3.74564479,163.50887,-1.73508e-05,7.8684e+20,-5.16306e-09,5662040000000000,4.1572911,2.44105e-09
0.11942,300,-3.78609092,160.02063,-1.70761e-05,7.986419999999999e+20,-5.19316e-09,5753570000000000,4.1294939,2.38897e-09
0.11992,300,-3.82563829,156.33184,-1.6842e-05,8.09861e+20,-5.2264e-09,5851470000000000,4.11371,2.3339e-09
0.12042,300,-3.86424789,152.53644,-1.66758e-05,8.20579e+20,-5.26064e-09,5954900000000000,4.1074015,2.27724e-09
0.12092,300,-3.90190727,148.75038,-1.65961e-05,8.30919e+20,-5.29349e-09,6062760000000000,4.1071338,2.22072e-09
0.12142,300,-3.93863406,145.09579,-1.66117e-05,8.41024e+20,-5.32259e-09,6173800000000000,4.1093356,2.16616e-09
0.12192,300,-3.97447566,141.68644,-1.67216e-05,8.51056e+20,-5.34575e-09,6286710000000000,4.1109545,2.11526e-09
0.12242,300,-4.0095057,138.61729,-1.69163e-05,8.6118e+20,-5.36116e-09,6400240000000000,4.1098666,2.06944e-09
0.12292,300,-4.04381864,135.95932,-1.71794e-05,8.71552e+20,-5.36755e-09,6513260000000000,4.1050103,2.02976e-09
0.12342,300,-4.07752354,133.75879,-1.74898e-05,8.82313e+20,-5.36419e-09,6624840000000000,4.0962886,1.9969e-09
0.12392,300,-4.11073822,132.03998,-1.78242e-05,8.9358e+20,-5.35097e-09,6734310000000000,4.0843291,1.97124e-09
0.12442,300,-4.14358427,130.80965,-1.81593e-05,9.054380000000001e+20,-5.32827e-09,6841270000000000,4.0701872,1.95288e-09
0.12492,300,-4.17618328,130.06182,-1.84736e-05,9.179459999999999e+20,-5.29689e-09,6945570000000000,4.0550687,1.94171e-09
0.12542,300,-4.20865419,129.78187,-1.87485e-05,9.31133e+20,-5.2579e-09,7047240000000000,4.0401236,1.93753e-09
0.12592,300,-4.24111152,129.94942,-1.89688e-05,9.45e+20,-5.21257e-09,7146480000000000,4.0263297,1.94003e-09
0.12642,300,-4.27366415,130.5399,-1.91227e-05,9.59527e+20,-5.16223e-09,7243550000000000,4.0144583,1.94885e-09
0.12692,300,-4.3064144,131.52546,-1.92017e-05,9.74671e+20,-5.1082e-09,7338830000000000,4.0050856,1.96356e-09
0.12742,300,-4.33945727,132.87561,-1.92008e-05,9.903699999999999e+20,-5.05174e-09,7432720000000000,3.9986097,1.98372e-09
0.12792,300,-4.37287991,134.55814,-1.91177e-05,1.00655e+21,-4.99398e-09,7525660000000000,3.9952453,2.00884e-09
0.12842,300,-4.40676132,136.5404,-1.8953e-05,1.02312e+21,-4.93587e-09,7618120000000000,3.994987,2.03843e-09
0.12892,300,-4.44117244,138.7907,-1.87095e-05,1.03999e+21,-4.8782e-09,7710540000000000,3.9975552,2.07203e-09
0.12942,300,-4.47617652,141.27935,-1.83922e-05,1.05706e+21,-4.82156e-09,7803340000000000,4.0023487,2.10918e-09
0.12992,300,-4.51182969,143.97904,-1.80072e-05,1.07422e+21,-4.76643e-09,7896900000000000,4.0084304,2.14948e-09
0.13042,300,-4.54818148,146.864,-1.75621e-05,1.09139e+21,-4.71315e-09,7991540000000000,4.0145663,2.19255e-09
0.13092,300,-4.58527497,149.9082,-1.70654e-05,1.10846e+21,-4.66196e-09,8087580000000000,4.0193238,2.238e-09
0.13142,300,-4.62314643,153.08237,-1.65265e-05,1.12536e+21,-4.61307e-09,8185270000000000,4.0212262,2.28539e-09
0.13192,300,-4.66182402,156.35053,-1.59561e-05,1.142e+21,-4.56661e-09,8284850000000000,4.0189536,2.33418e-09
0.13242,300,-4.70132568,159.66604,-1.53658e-05,1.15832e+21,-4.5226e-09,8386480000000000,4.0115797,2.38368e-09
0.13292,300,-4.74165595,162.96789,-1.47686e-05,1.17427e+21,-4.48096e-09,8490260000000000,3.9988301,2.43297e-09
0.13342,300,-4.78280203,166.178,-1.41782e-05,1.18983e+21,-4.44143e-09,8596180000000000,3.9813256,2.4809e-09
0.13392,300,-4.82472937,169.20063,-1.36083e-05,1.20497e+21,-4.40359e-09,8704090000000000,3.9607453,2.52602e-09
0.13442,300,-4.86737756,171.92557,-1.30726e-05,1.2197e+21,-4.36681e-09,8813700000000000,3.9398131,2.5667e-09
0.13492,300,-4.91065762,174.23633,-1.25832e-05,1.23406e+21,-4.33032e-09,8924580000000000,3.9220214,2.6012e-09
0.13542,300,-4.95445198,176.02299,-1.21498e-05,1.24808e+21,-4.29325e-09,9036200000000000,3.9110718,2.62787e-09
0.13592,300,-4.99861804,177.19802,-1.17793e-05,1.26182e+21,-4.25466e-09,9147920000000000,3.9101298,2.64541e-09
0.13642,300,-5.04299568,177.71087,-1.14751e-05,1.27534e+21,-4.21369e-09,9259070000000000,3.9210974,2.65307e-09
0.13692,300,-5.0874178,177.55723,-1.12368e-05,1.28871e+21,-4.16955e-09,9368890000000000,3.9441401,2.65078e-09
0.13742,300,-5.13172223,176.78014,-1.10602e-05,1.302e+21,-4.12162e-09,9476630000000000,3.9776302,2.63918e-09
0.13792,300,-5.17576275,175.4625,-1.09376e-05,1.31527e+21,-4.06948e-09,9581540000000000,4.0185162,2.6195e-09
0.13842,300,-5.21941752,173.71374,-1.08587e-05,1.32859e+21,-4.0129e-09,9682930000000000,4.0629803,2.5934e-09
0.13892,300,-5.26259374,171.6543,-1.08112e-05,1.34198e+21,-3.95186e-09,9780230000000000,4.1071635,2.56265e-09
0.13942,300,-5.30522863,169.40193,-1.07815e-05,1.35547e+21,-3.88652e-09,9873040000000000,4.1477547,2.52903e-09
0.13992,300,-5.34728747,167.06224,-1.07562e-05,1.36905e+21,-3.81723e-09,9961140000000000,4.18232,2.4941e-09
0.14042,300,-5.38875994,164.72423,-1.0723e-05,1.3827e+21,-3.74441e-09,1.00445e+16,4.2093579,2.45919e-09
0.14092,300,-5.42965576,162.45979,-1.06711e-05,1.39636e+21,-3.66861e-09,1.01234e+16,4.2281493,2.42539e-09
0.14142,300,-5.47000072,160.32559,-1.05919e-05,1.40997e+21,-3.59036e-09,1.01981e+16,4.2385104,2.39352e-09
0.14192,300,-5.50983311,158.36566,-1.04794e-05,1.42343e+21,-3.51023e-09,1.0269e+16,4.2405475,2.36426e-09
0.14242,300,-5.54920087,156.6133,-1.03294e-05,1.43666e+21,-3.42872e-09,1.03364e+16,4.2344798,2.3381e-09
0.14292,300,-5.58815905,155.09204,-1.01392e-05,1.44959e+21,-3.34631e-09,1.04005e+16,4.2205532,2.31539e-09
0.14342,300,-5.62676731,153.81544,-9.907030000000001e-06,1.46212e+21,-3.26342e-09,1.04613e+16,4.1990377,2.29633e-09
0.14392,300,-5.66508742,152.78629,-9.63101e-06,1.47422e+21,-3.18045e-09,1.05185e+16,4.1702795,2.28097e-09
0.14442,300,-5.70318038,151.9958,-9.308400000000001e-06,1.48583e+21,-3.09778e-09,1.05713e+16,4.1347709,2.26917e-09
0.14492,300,-5.74110351,151.42329,-8.935300000000001e-06,1.49693e+21,-3.0158e-09,1.06188e+16,4.0932003,2.26062e-09
0.14542,300,-5.77890757,151.03702,-8.50651e-06,1.50748e+21,-2.93493e-09,1.06601e+16,4.0464553,2.25485e-09
0.14592,300,-5.81663415,150.79604,-8.01587e-06,1.51745e+21,-2.85562e-09,1.06942e+16,3.9955783,2.25126e-09
0.14642,300,-5.85431372,150.65254,-7.45667e-06,1.52678e+21,-2.77833e-09,1.07203e+16,3.9416978,2.24911e-09
0.14692,300,-5.8919642,150.55425,-6.82245e-06,1.53539e+21,-2.70357e-09,1.0738e+16,3.8859819,2.24765e-09
0.14742,300,-5.92959003,150.44612,-6.10781e-06,1.54317e+21,-2.63184e-09,1.07476e+16,3.8296393,2.24603e-09
0.14792,300,-5.96718173,150.27167,-5.3094e-06,1.54995e+21,-2.56363e-09,1.07496e+16,3.7739569,2.24343e-09
0.14842,300,-6.00471564,149.97466,-4.42698e-06,1.55556e+21,-2.49943e-09,1.07452e+16,3.7203168,2.23899e-09
0.14892,300,-6.04215441,149.50214,-3.4644e-06,1.55979e+21,-2.43966e-09,1.07361e+16,3.6701297,2.23194e-09
0.14942,300,-6.07944828,148.80881,-2.43025e-06,1.56246e+21,-2.38468e-09,1.07241e+16,3.6246676,2.22159e-09
0.14992,300,-6.11653764,147.86199,-1.33816e-06,1.56338e+21,-2.33479e-09,1.07112e+16,3.5848476,2.20745e-09
0.15042,300,-6.15335674,146.64536,-2.06545e-07,1.5624e+21,-2.29012e-09,1.06991e+16,3.5510595,2.18929e-09
0.15092,300,-6.18983791,145.16034,9.4218e-07,1.55946e+21,-2.25072e-09,1.0689e+16,3.5231114,2.16712e-09
0.15142,300,-6.22591599,143.42475,2.08277e-06,1.55453e+21,-2.21646e-09,1.06818e+16,3.5003107,2.14121e-09
0.15192,300,-6.26153196,141.46955,3.18875e-06,1.54767e+21,-2.1871e-09,1.06775e+16,3.4816314,2.11202e-09
0.15242,300,-6.29663579,139.33486,4.23416e-06,1.53905e+21,-2.16227e-09,1.06757e+16,3.4658958,2.08015e-09
0.15292,300,-6.33118824,137.06639,5.19546e-06,1.52885e+21,-2.1415e-09,1.06752e+16,3.4519113,2.04628e-09
0.15342,300,-6.36516188,134.71266,6.05328e-06,1.51736e+21,-2.12428e-09,1.06745e+16,3.4385411,2.01114e-09
0.15392,300,-6.39854159,132.32322,6.79387e-06,1.50487e+21,-2.11008e-09,1.06716e+16,3.4247158,1.97547e-09
0.15442,300,-6.43132461,129.94715,7.41006e-06,1.4917e+21,-2.09842e-09,1.06649e+16,3.4094159,1.94e-09
0.15492,300,-6.46352023,127.63167,7.901550000000001e-06,1.47816e+21,-2.08885e-09,1.06527e+16,3.3916617,1.90543e-09
0.15542,300,-6.49514912,125.42015,8.274389999999999e-06,1.46453e+21,-2.08106e-09,1.06338e+16,3.3705413,1.87242e-09
0.15592,300,-6.52624205,123.34931,8.539750000000001e-06,1.45103e+21,-2.07485e-09,1.06078e+16,3.3452982,1.8415e-09
0.15642,300,-6.55683777,121.44595,8.71192e-06,1.43783e+21,-2.07015e-09,1.05749e+16,3.3154733,1.81308e-09
0.15692,300,-6.58698015,119.72354,8.80609e-06,1.42505e+21,-2.06702e-09,1.05357e+16,3.281075,1.78737e-09
0.15742,300,-6.61671448,118.17974,8.835969999999999e-06,1.41275e+21,-2.06563e-09,1.04917e+16,3.2427311,1.76432e-09
0.15792,300,-6.64608337,116.79557,8.81196e-06,1.40096e+21,-2.06623e-09,1.04446e+16,3.2017763,1.74366e-09
0.15842,300,-6.67512276,115.53701,8.739829999999999e-06,1.38967e+21,-2.06907e-09,1.0396e+16,3.1602318,1.72487e-09
0.15892,300,-6.70385862,114.35934,8.620469999999999e-06,1.37889e+21,-2.07438e-09,1.03478e+16,3.1206521,1.70729e-09
0.15942,300,-6.73230512,113.21416,8.45045e-06,1.36862e+21,-2.08233e-09,1.03011e+16,3.0858335,1.69019e-09
0.15992,300,-6.76046477,112.05825,8.22348e-06,1.35889e+21,-2.09295e-09,1.02568e+16,3.0584144,1.67293e-09
0.16042,300,-6.78833089,110.8628,7.932500000000001e-06,1.34974e+21,-2.10616e-09,1.02153e+16,3.0404297,1.65509e-09
0.16092,300,-6.81589225,109.62121,7.57183e-06,1.34124e+21,-2.12176e-09,1.01765e+16,3.0329239,1.63655e-09
0.16142,300,-6.84313922,108.35316,7.1391e-06,1.33347e+21,-2.13944e-09,1.01399e+16,3.0357312,1.61762e-09
0.16192,300,-6.87007032,107.1037,6.63645e-06,1.32652e+21,-2.15886e-09,1.0105e+16,3.0475046,1.59897e-09
0.16242,300,-6.89669796,105.93732,6.07073e-06,1.32046e+21,-2.17965e-09,1.00713e+16,3.0659975,1.58155e-09
0.16292,300,-6.92305212,104.9286,5.45282e-06,1.31533e+21,-2.20149e-09,1.00381e+16,3.0885084,1.56649e-09
0.16342,300,-6.94918164,104.15211,4.79626e-06,1.31116e+21,-2.22413e-09,1.00054e+16,3.1123394,1.5549e-09
0.16392,300,-6.97515309,103.67416,4.11568e-06,1.30795e+21,-2.24742e-09,9973210000000000,3.1351337,1.54777e-09
0.16442,300,-7.00104804,103.5476,3.42541e-06,1.30567e+21,-2.27126e-09,9941560000000000,3.155027,1.54588e-09
0.16492,300,-7.02695931,103.80955,2.73869e-06,1.30426e+21,-2.29564e-09,9910720000000000,3.1706418,1.54979e-09
0.16542,300,-7.05298697,104.48083,2.06742e-06,1.30368e+21,-2.3206e-09,9880910000000000,3.1810136,1.55981e-09
0.16592,300,-7.07923423,105.56556,1.42233e-06,1.30383e+21,-2.34617e-09,9852340000000000,3.1855447,1.576e-09
0.16642,300,-7.10580312,107.05001,8.13177e-07,1.30465e+21,-2.37241e-09,9825220000000000,3.184044,1.59816e-09
0.16692,300,-7.13278983,108.90092,2.48805e-07,1.30603e+21,-2.39933e-09,9799840000000000,3.1768524,1.6258e-09
0.16742,300,-7.16027966,111.06416,-2.63372e-07,1.30786e+21,-2.42695e-09,9776560000000000,3.1649945,1.65809e-09
0.16792,300,-7.18834178,113.4652,-7.18146e-07,1.31003e+21,-2.45523e-09,9755880000000000,3.1502606,1.69394e-09
0.16842,300,-7.21702453,116.01314,-1.11342e-06,1.31242e+21,-2.48412e-09,9738410000000000,3.1351215,1.73198e-09
0.16892,300,-7.2463523,118.60858,-1.45089e-06,1.3149e+21,-2.51351e-09,9724790000000000,3.1224267,1.77072e-09
0.16942,300,-7.27632467,121.15466,-1.73617e-06,1.31737e+21,-2.54327e-09,9715620000000000,3.1149195,1.80874e-09
0.16992,300,-7.30691857,123.56876,-1.97829e-06,1.31973e+21,-2.5732e-09,9711350000000000,3.1146993,1.84478e-09
0.17042,300,-7.33809302,125.79142,-2.18861e-06,1.32192e+21,-2.60305e-09,9712210000000000,3.1228137,1.87796e-09
0.17092,300,-7.36979554,127.7901,-2.37929e-06,1.3239e+21,-2.63249e-09,9718110000000000,3.1391325,1.9078e-09
0.17142,300,-7.40196868,129.55675,-2.56176e-06,1.32568e+21,-2.66111e-09,9728720000000000,3.1625437,1.93417e-09
0.17192,300,-7.43455534,131.10078,-2.74545e-06,1.32727e+21,-2.6884e-09,9743450000000000,3.1913822,1.95722e-09
0.17242,300,-7.46750205,132.44053,-2.93713e-06,1.32873e+21,-2.71381e-09,9761600000000000,3.223917,1.97722e-09
0.17292,300,-7.50076026,133.59608,-3.14067e-06,1.3301e+21,-2.73668e-09,9782420000000000,3.2587259,1.99448e-09
0.17342,300,-7.53428623,134.58527,-3.3574e-06,1.33146e+21,-2.75636e-09,9805210000000000,3.294867,2.00924e-09
0.17392,300,-7.56804028,135.42301,-3.58658e-06,1.33287e+21,-2.77217e-09,9829360000000000,3.331855,2.02175e-09
0.17442,300,-7.60198622,136.12257,-3.82585e-06,1.33438e+21,-2.78347e-09,9854370000000000,3.3695266,2.03219e-09
0.17492,300,-7.63609116,136.69733,-4.0717e-06,1.33606e+21,-2.78969e-09,9879870000000000,3.4078984,2.04077e-09
0.17542,300,-7.67032568,137.16159,-4.31981e-06,1.33795e+21,-2.79039e-09,9905590000000000,3.4470982,2.04771e-09
0.17592,300,-7.70466398,137.53005,-4.56542e-06,1.34008e+21,-2.78528e-09,9931390000000000,3.4873873,2.05321e-09
0.17642,300,-7.73908388,137.81658,-4.80373e-06,1.34249e+21,-2.77424e-09,9957250000000000,3.5292417,2.05748e-09
0.17692,300,-7.77356646,138.03332,-5.03029e-06,1.34518e+21,-2.75734e-09,9983240000000000,3.5734228,2.06072e-09
0.17742,300,-7.80809562,138.19097,-5.24132e-06,1.34817e+21,-2.73481e-09,1.00095e+16,3.6209779,2.06307e-09
0.17792,300,-7.84265796,138.30093,-5.43392e-06,1.35146e+21,-2.70704e-09,1.00363e+16,3.6731347,2.06471e-09
0.17842,300,-7.8772434,138.37895,-5.60617e-06,1.35503e+21,-2.67451e-09,1.00639e+16,3.7311014,2.06588e-09
0.17892,300,-7.91184676,138.44937,-5.75705e-06,1.35889e+21,-2.6378e-09,1.00923e+16,3.795816,2.06693e-09
